obs, time, Delta, Theta, Alpha1, Alpha2, Beta1, Beta2, Gamma1, Gamma2, Attention, Meditation, Derived, totPwr, class 
1, 4.9, 2945, 7215, 1853, 3356, 3542, 1351, 927, 692, NA, NA, NA, 21881,  X*
2, 5.9, 7943, 9330, 4982, 6132, 1364, 868, 594, 1249, NA, NA, NA, 32462,  X*
3, 6.9, 10535, 10922, 7248, 7716, 2190, 971, 670, 320, NA, NA, NA, 40572,  X*
4, 7.9, 8752, 918, 1361, 1261, 1501, 1585, 555, 836, 51, 40, NA, 16769,  X*
5, 8.9, 5072, 4390, 1273, 845, 1648, 1226, 782, 1140, 57, 21, NA, 16376,  X*
6, 9.9, 2271, 1260, 2815, 2737, 1601, 2486, 532, 632, 67, 30, NA, 14334,  X*
7, 11.0, 1284, 1563, 1321, 2692, 1945, 1251, 768, 435, 75, 38, NA, 11259,  X*
8, 11.9, 2368, 3697, 2450, 1105, 1619, 1148, 1430, 277, 64, 35, NA, 14094,  X*
9, 12.9, 2481, 4100, 775, 1333, 2312, 1318, 1655, 400, 64, 35, NA, 14374,  X*
10, 13.9, 17658, 3338, 5532, 3240, 3037, 1066, 576, 755, 53, 41, NA, 35202,  X*
11, 14.9, 7473, 1870, 2025, 759, 3225, 2849, 864, 340, 61, 20, NA, 19405,  X*
12, 15.9, 9953, 6948, 1282, 3551, 1476, 892, 684, 340, 56, 20, NA, 25126,  X*
13, 16.9, 5471, 10702, 2450, 993, 897, 1295, 1309, 228, 50, 20, NA, 23345,  X*
14, 17.9, 9650, 4226, 3259, 1701, 1141, 1643, 335, 307, 54, 8, NA, 22262,  X*
15, 18.9, 8820, 10423, 1004, 5822, 3560, 1151, 524, 846, 35, 16, NA, 32150,  X*
16, 20.0, 5333, 4501, 1527, 1667, 748, 1064, 302, 1001, 41, 16, NA, 16143,  X*
17, 20.9, 4561, 10027, 1549, 1138, 3904, 760, 553, 485, 37, 16, NA, 22977,  X*
18, 21.9, 9911, 6494, 612, 5698, 2072, 1078, 890, 330, 30, 16, NA, 27085,  X*
19, 22.9, 2736, 5900, 1641, 1489, 661, 1300, 769, 453, 38, 17, NA, 14949,  X*
20, 23.9, 8820, 2795, 3362, 2140, 1268, 2660, 534, 345, 44, 30, NA, 21924,  X*
21, 25.0, 2123, 924, 2293, 3362, 2180, 1072, 744, 217, 54, 67, NA, 12915,  X*
22, 25.9, 6566, 11215, 2785, 1611, 905, 1970, 356, 260, 57, 54, NA, 25668,  X*
23, 26.9, 4150, 5585, 3747, 1645, 831, 1075, 1176, 569, 54, 66, NA, 18778,  X*
24, 27.9, 4549, 5843, 613, 5323, 3981, 3437, 1850, 1079, 54, 56, NA, 26675,  X*
25, 29.0, 9104, 3783, 5784, 740, 1776, 635, 799, 836, 44, 51, NA, 23457,  X*
26, 29.9, 7952, 5949, 2818, 717, 2016, 1741, 1103, 885, 48, 53, NA, 23181,  X*
27, 30.9, 1239, 900, 2706, 2191, 2608, 1573, 503, 383, 56, 60, NA, 12103,  X*
28, 31.9, 1230, 2877, 2289, 2398, 1519, 969, 545, 325, 50, 70, NA, 12152,  X*
29, 32.9, 1258, 2025, 1265, 3195, 4087, 1166, 1848, 591, 60, 63, NA, 15435,  X*
30, 33.9, 2307, 3716, 1165, 917, 1146, 1554, 1140, 1254, 63, 63, NA, 13199,  X*
31, 34.9, 1980, 5109, 3629, 5510, 2844, 1973, 674, 728, 57, 61, NA, 22447,  X*
32, 36.0, 863, 912, 2337, 923, 506, 1595, 891, 255, 66, 64, NA, 8282,  X*
33, 36.9, 11460, 3394, 3691, 2120, 481, 1479, 1557, 692, 64, 75, NA, 24874,  X*
34, 37.9, 11165, 3597, 4767, 1483, 1702, 1738, 388, 391, 61, 93, NA, 25231,  X*
35, 38.9, 8131, 9809, 3527, 3953, 3976, 1403, 545, 347, 54, 81, NA, 31691,  X*
36, 39.9, 107405, 9666, 5350, 10922, 3618, 1630, 1478, 362, 40, 81, NA, 140431,  X*
37, 40.9, 15883, 7644, 1670, 2846, 521, 1078, 739, 896, 35, 66, NA, 31277,  X*
38, 41.9, 12725, 5195, 1536, 2147, 2072, 824, 1123, 349, 29, 53, NA, 25971,  X*
39, 43.0, 9057, 6223, 2266, 3977, 1218, 1492, 823, 1019, 34, 60, NA, 26075,  X*
40, 43.9, 5809, 4275, 1727, 443, 666, 1130, 751, 393, 41, 40, NA, 15194,  X*
41, 44.9, 8893, 3985, 516, 446, 3884, 1946, 930, 525, 54, 23, NA, 21125,  X*
42, 45.9, 6393, 7026, 1443, 1449, 963, 851, 481, 661, 54, 21, NA, 19267,  X*
43, 46.9, 11517, 2362, 12025, 1307, 1948, 1091, 359, 424, 51, 38, NA, 31033,  X*
44, 47.9, 12416, 4406, 9775, 2909, 3292, 1520, 492, 228, 43, 57, NA, 35038,  X*
45, 48.9, 5940, 6374, 6125, 1222, 1813, 2115, 622, 571, 35, 83, NA, 24782,  X*
46, 49.9, 23700, 5596, 749, 3576, 898, 1150, 607, 1007, 38, 90, NA, 37283,  X*
47, 50.9, 6132, 10276, 841, 1306, 1870, 1483, 528, 448, 41, 53, NA, 22884,  X*
48, 51.9, 6229, 2774, 4748, 1091, 511, 1134, 1799, 212, 47, 53, NA, 18498,  X*
49, 52.9, 15389, 7227, 3144, 1962, 899, 1588, 802, 282, 44, 48, NA, 31293,  X*
50, 54.0, 13444, 5781, 3065, 933, 1184, 1239, 727, 421, 44, 44, NA, 26794,  X*
51, 54.9, 17808, 10156, 5988, 3991, 2832, 1512, 593, 373, 41, 63, NA, 43253,  X*
52, 55.9, 409813, 32069, 2672, 22509, 5188, 5171, 3913, 565, 38, 53, NA, 481900,  X*
53, 56.9, 34478, 12846, 8386, 4434, 2813, 2792, 598, 760, 37, 56, NA, 67107,  X*
54, 57.9, 9426, 5311, 4138, 3653, 2579, 1472, 490, 334, 37, 64, NA, 27403,  X*
55, 58.9, 365719, 47188, 4754, 1828, 5885, 9792, 3989, 2042, 43, 40, NA, 441197,  X*
56, 59.9, 5754, 16425, 8065, 5977, 7066, 2123, 1034, 670, 41, 40, NA, 47114,  X*
57, 61.0, 10429, 6348, 3559, 1387, 2253, 3084, 2103, 932, 50, 34, NA, 30095,  X*
58, 61.9, 4374, 5053, 629, 1119, 2362, 1005, 790, 518, 51, 14, NA, 15850,  X*
59, 62.9, 5018, 11146, 1643, 3786, 3828, 1228, 680, 461, 43, 29, NA, 27790,  X*
60, 63.9, 6650, 16344, 4523, 11581, 3194, 3051, 1695, 550, 44, 34, NA, 47588,  X*
61, 64.9, 27700, 7082, 1013, 3222, 1564, 5105, 996, 420, 50, 29, NA, 47102,  X*
62, 65.9, 3490, 4875, 7475, 2833, 4203, 4019, 1210, 747, 54, 48, NA, 28852,  X*
63, 66.9, 100275, 13656, 301, 3589, 1362, 1895, 893, 482, 57, 43, NA, 122453,  X*
64, 68.0, 12110, 13199, 3411, 1659, 1145, 1826, 1651, 373, 60, 34, NA, 35374,  X*
65, 68.9, 11505, 10539, 1635, 4987, 3113, 1166, 974, 573, 43, 37, NA, 34492,  X*
66, 69.9, 7467, 10621, 1548, 690, 4420, 2403, 609, 360, 41, 11, NA, 28118,  X*
67, 70.9, 8355, 16993, 6198, 4047, 6251, 1549, 528, 879, 35, 20, NA, 44800,  X*
68, 72.0, 521266, 53575, 10531, 4170, 13654, 4885, 2296, 3413, 30, 14, NA, 613790,  X*
69, 72.9, 2850, 2136, 685, 273, 495, 2090, 519, 430, 53, 4, NA, 9478,  X*
70, 73.9, 9908, 8739, 1349, 3021, 2370, 882, 1301, 1383, 43, 20, NA, 28953,  X*
71, 74.9, 5467, 14385, 11908, 1187, 2465, 750, 810, 295, 37, 26, NA, 37267,  X*
72, 75.9, 6779, 13061, 2297, 1345, 2883, 2304, 650, 336, 43, 26, NA, 29655,  X*
73, 76.9, 12991, 10509, 1724, 1417, 2824, 1724, 1125, 634, 26, 27, NA, 32948,  X*
74, 77.9, 25824, 10778, 8907, 1492, 2404, 1777, 723, 476, 27, 35, NA, 52381,  X*
75, 79.0, 771456, 69676, 5719, 3995, 2623, 3221, 2600, 5822, 34, 13, NA, 865112,  X*
76, 79.9, 3101, 7392, 2642, 2895, 2323, 1566, 601, 307, 30, 23, NA, 20827,  X*
77, 80.9, 14731, 12181, 11931, 1831, 2215, 1347, 1857, 789, 23, 40, NA, 46882,  X*
78, 81.9, 2450, 2307, 3334, 1552, 1208, 3635, 683, 198, 40, 40, NA, 15367,  X*
79, 82.9, 1848, 11122, 1175, 3188, 516, 3433, 570, 331, 54, 51, NA, 22183,  X*
80, 83.9, 4807, 7468, 3040, 2418, 904, 1553, 463, 446, 54, 53, NA, 21099,  X*
81, 84.9, 7752, 7203, 4335, 1931, 5970, 1817, 1520, 493, 63, 44, NA, 31021,  X*
82, 86.0, 466556, 15511, 10557, 9573, 10761, 8882, 5861, 2534, 56, 41, NA, 530235,  X*
83, 86.9, 17002, 21833, 4346, 2530, 354, 1205, 1210, 488, 43, 41, NA, 48968,  X*
84, 87.9, 12205, 8177, 2852, 3489, 1268, 4169, 883, 488, 50, 40, NA, 33531,  X*
85, 88.9, 3521, 15883, 742, 3870, 3702, 2020, 906, 537, 47, 30, NA, 31181,  X*
86, 89.9, 5681, 2363, 420, 3852, 7241, 1061, 1124, 554, 43, 27, NA, 22296,  X*
87, 90.9, 62618, 71970, 2009, 1962, 2717, 1844, 1185, 615, 38, 14, NA, 144920,  X*
88, 91.9, 2098, 11599, 1429, 1771, 6268, 1114, 791, 295, 26, 7, NA, 25365,  X*
89, 92.9, 16160, 1957, 1839, 2856, 1347, 1314, 1139, 870, 34, 27, NA, 27482,  X*
90, 93.9, 2988, 1816, 5123, 1508, 685, 2321, 744, 547, 38, 44, NA, 15732,  X*
91, 94.9, 475545, 73796, 14420, 6046, 9623, 7349, 5233, 1387, 48, 60, NA, 593399,  X*
92, 95.9, 7554, 5517, 1176, 998, 676, 1052, 1032, 358, 53, 66, NA, 18363,  X*
93, 97.0, 31929, 6748, 1913, 2334, 4357, 566, 992, 579, 41, 56, NA, 49418,  X*
94, 97.9, 3029, 1839, 5049, 2708, 1267, 1006, 888, 290, 34, 60, NA, 16076,  X*
95, 98.9, 295420, 63964, 7245, 22141, 18137, 3554, 3550, 2230, 26, 66, NA, 416241,  X*
96, 99.9, 2569, 1874, 5074, 1744, 3536, 1572, 850, 477, 27, 80, NA, 17696,  X*
97, 100.9, 33775, 6828, 5773, 5642, 3022, 752, 395, 466, 26, 90, NA, 56653,  X*
98, 101.9, 1692, 4381, 1082, 3834, 4161, 773, 1077, 463, 23, 77, NA, 17463,  X*
99, 102.9, 6801, 2739, 6566, 3738, 2436, 1445, 944, 907, 34, 93, NA, 25576,  X*
100, 103.9, 157434, 24103, 1266, 1067, 1750, 1608, 531, 311, 24, 66, NA, 188070,  X*
101, 104.9, 4638, 6959, 18933, 2386, 1636, 1812, 929, 530, 29, 74, NA, 37823,  X*
102, 105.9, 275426, 16338, 5938, 6524, 4069, 754, 552, 734, 17, 75, NA, 310335,  X*
103, 106.9, 685315, 18692, 7384, 2830, 7175, 5044, 4336, 897, 21, 56, NA, 731673,  X*
104, 107.9, 100444, 66688, 8636, 4726, 2777, 5845, 1457, 528, 23, 63, NA, 191101,  X*
105, 108.9, 24701, 2445, 1445, 3262, 2698, 1505, 696, 642, 34, 53, NA, 37394,  X*
106, 109.9, 172312, 42903, 16221, 7313, 4143, 2635, 889, 1006, 37, 50, NA, 247422,  X*
107, 110.9, 45313, 83090, 13225, 3844, 2435, 1174, 1298, 967, 14, 47, NA, 151346,  X*
108, 111.9, 474170, 227879, 18526, 18582, 31764, 26900, 3569, 3233, 17, 43, NA, 804623,  X*
109, 112.9, 114843, 21728, 10820, 9943, 4704, 4489, 2732, 2793, 13, 41, NA, 172052,  X*
110, 113.9, 8653, 3350, 901, 2721, 2351, 1750, 624, 336, 29, 43, NA, 20686,  X*
111, 115.0, 16558, 16997, 1678, 8575, 2516, 5711, 399, 336, 54, 50, NA, 52770,  X*
112, 115.9, 187870, 81258, 20033, 6091, 7235, 11124, 6603, 2004, 54, 56, NA, 322218,  X*
113, 116.9, 749520, 64963, 54779, 8201, 13526, 17016, 4450, 1227, 57, 57, NA, 913682,  X*
114, 117.9, 475034, 34497, 6976, 7103, 3504, 2591, 685, 898, 44, 54, NA, 531288,  X*
115, 118.9, 2106525, 97650, 50659, 24695, 4795, 18461, 4353, 3002, 40, 57, NA, 2310140,  X*
116, 119.9, 101690, 16773, 1778, 1833, 1122, 694, 991, 139, 29, 56, NA, 125020,  X*
117, 120.9, 138884, 25205, 2961, 1881, 664, 1569, 730, 771, 21, 41, NA, 172665,  X*
118, 122.0, 63489, 5097, 523, 448, 848, 425, 1045, 448, 23, 30, NA, 72323,  X*
119, 122.9, 180842, 51644, 13115, 16249, 10810, 10797, 5224, 1817, 24, 27, NA, 290498,  X*
120, 123.9, 66888, 112004, 18125, 17587, 6010, 17373, 4616, 2135, 37, 29, NA, 244738,  X*
121, 124.9, 10136, 19659, 9307, 1431, 3947, 4240, 985, 353, 44, 38, NA, 50058,  X*
122, 125.9, 5522, 36092, 13257, 4856, 4513, 3622, 826, 479, 44, 50, NA, 69167,  X*
123, 126.9, 43120, 13570, 1082, 3631, 1564, 993, 1424, 438, 37, 44, NA, 65822,  X*
124, 127.9, 17878, 21450, 4670, 9730, 2486, 1667, 948, 450, 29, 54, NA, 59279,  X*
125, 128.9, 662671, 37423, 5025, 10604, 8586, 8041, 3150, 1745, 29, 51, NA, 737245,  X*
126, 129.9, 28699, 17045, 9583, 2300, 3192, 2510, 1200, 736, 30, 54, NA, 65265,  X*
127, 130.9, 16806, 13845, 722, 3213, 2345, 1586, 953, 231, 35, 51, NA, 39701,  X*
128, 131.9, 5703, 6427, 2836, 4455, 2903, 1585, 692, 377, 43, 53, NA, 24978,  X*
129, 133.0, 13079, 2368, 2862, 2588, 1596, 2280, 799, 325, 48, 64, NA, 25897,  X*
130, 133.9, 11504, 7754, 1013, 3578, 492, 1188, 893, 236, 50, 63, NA, 26658,  X*
131, 134.9, 10390, 4898, 2928, 4995, 1403, 1983, 1329, 400, 54, 78, NA, 28326,  X*
132, 135.9, 9987, 8229, 1747, 3785, 1453, 2439, 705, 361, 57, 74, NA, 28706,  X*
133, 136.9, 5951, 4838, 2717, 2610, 4976, 1635, 924, 359, 53, 66, NA, 24010,  X*
134, 137.9, 9972, 5715, 790, 1798, 2040, 1628, 339, 619, 60, 61, NA, 22901,  X*
135, 138.9, 17333, 5291, 3436, 3027, 1529, 843, 886, 445, 51, 60, NA, 32790,  X*
136, 140.0, 66297, 22938, 13387, 32367, 15604, 12063, 3831, 2000, 51, 67, NA, 168487,  X*
137, 140.9, 583248, 93126, 10302, 13539, 14977, 3957, 3687, 1452, 38, 60, NA, 724288,  X*
138, 141.9, 25211, 9312, 3283, 1897, 4172, 821, 1128, 486, 26, 63, NA, 46310,  X*
139, 142.9, 7619, 2554, 2137, 1185, 3938, 2118, 936, 691, 41, 54, NA, 21178,  X*
140, 143.9, 8664, 8524, 822, 2736, 572, 1887, 433, 276, 41, 43, NA, 23914,  X*
141, 144.9, 16199, 9236, 3008, 1992, 1417, 2771, 851, 678, 56, 48, NA, 36152,  X*
142, 145.9, 152037, 26027, 3957, 4744, 3388, 2862, 258, 512, 61, 44, NA, 193785,  X*
143, 146.9, 14490, 7283, 2665, 2998, 2730, 1488, 665, 1152, 50, 48, NA, 33471,  X*
144, 147.9, 7030, 3778, 5627, 3770, 1343, 1317, 1086, 314, 47, 66, NA, 24265,  X*
145, 148.9, 14384, 7394, 3060, 1742, 1501, 2718, 859, 311, 48, 67, NA, 31969,  X*
146, 150.0, 105991, 33927, 6382, 5539, 3415, 1827, 1343, 323, 41, 67, NA, 158747,  X*
147, 150.9, 21825, 10047, 4391, 3372, 1372, 1106, 714, 450, 37, 70, NA, 43277,  X*
148, 151.9, 566543, 150444, 29428, 42086, 30939, 5822, 2195, 1905, 23, 56, NA, 829362,  X*
149, 152.9, 3616, 26517, 3793, 3090, 6398, 2153, 1405, 308, 11, 48, NA, 47280,  X*
150, 153.9, 399464, 31991, 73258, 19969, 15683, 15574, 3787, 6369, 23, 64, NA, 566095,  X*
151, 154.9, 2406248, 177818, 67248, 43014, 10996, 7662, 7316, 2495, 14, 63, NA, 2722797,  X*
152, 155.9, 1172036, 273323, 28442, 45262, 28000, 24814, 8584, 15060, 23, 57, NA, 1595521,  X*
153, 156.9, 581097, 33640, 9419, 4284, 1274, 2449, 3276, 503, 21, 64, NA, 635942,  X*
154, 158.0, 1057729, 143293, 17784, 18806, 6594, 10565, 20089, 3961, 16, 44, NA, 1278821,  X*
155, 158.9, 699236, 13767, 11559, 28626, 12075, 10624, 12707, 8913, 34, 51, NA, 797507,  X*
156, 159.9, 644029, 139471, 24326, 16085, 30656, 15513, 9116, 9660, 37, 50, NA, 888856,  X*
157, 160.9, 96937, 19647, 2874, 22020, 5840, 8907, 4925, 1464, 48, 57, NA, 162614,  X*
158, 161.9, 42828, 48391, 19300, 16230, 2633, 2823, 2398, 643, 43, 69, NA, 135246,  X*
159, 162.9, 205299, 21105, 28376, 1101, 839, 5593, 961, 450, 38, 69, NA, 263724,  X*
160, 163.9, 208396, 7982, 4802, 2072, 1227, 1723, 281, 152, 40, 81, NA, 226635,  X*
161, 165.0, 117510, 24549, 4539, 3907, 1573, 932, 717, 181, 21, 74, NA, 153908,  X*
162, 165.9, 1106939, 414539, 131556, 122444, 14734, 25268, 23963, 16070, 21, 70, NA, 1855513,  X*
163, 166.9, 248210, 69369, 6068, 12625, 3239, 12347, 12136, 2010, 24, 54, NA, 366004,  X*
164, 167.9, 360781, 84738, 6790, 2843, 1398, 8339, 4215, 5947, 23, 35, NA, 475051,  X*
165, 168.9, 89379, 5353, 4365, 3205, 1285, 3810, 2512, 1513, 44, 43, NA, 111422,  X*
166, 169.9, 60095, 62652, 20472, 18001, 9399, 14718, 5712, 3518, 56, 41, NA, 194567,  X*
167, 170.9, 51406, 13225, 1557, 3739, 902, 2679, 1316, 1240, 56, 43, NA, 76064,  X*
168, 171.9, 12911, 5254, 3864, 2195, 1469, 1594, 761, 405, 57, 63, NA, 28453,  X*
169, 172.9, 16274, 10461, 3279, 1833, 1517, 1831, 1112, 517, 50, 56, NA, 36824,  X*
170, 173.9, 35345, 11255, 2015, 3035, 1633, 793, 807, 260, 40, 53, NA, 55143,  X*
171, 174.9, 17064, 24842, 4684, 1593, 3201, 4500, 756, 996, 40, 48, NA, 57636,  X*
172, 176.0, 49115, 64580, 8409, 3382, 6660, 8446, 5620, 1852, 40, 34, NA, 148064,  X*
173, 176.9, 32327, 16281, 926, 594, 509, 2454, 1202, 444, 40, 16, NA, 54737,  X*
174, 177.9, 72485, 37602, 2094, 3653, 1175, 1906, 1345, 874, 40, 7, NA, 121134,  X*
175, 178.9, 26147, 13128, 409, 3161, 1050, 718, 751, 753, 27, 8, NA, 46117,  X*
176, 179.9, 11734, 5728, 4119, 572, 1627, 2270, 1172, 631, 35, 21, NA, 27853,  X*
177, 180.9, 434081, 41458, 38784, 35669, 14574, 5067, 2700, 1534, 23, 53, NA, 573867,  X
178, 181.9, 445126, 59577, 28358, 20581, 7842, 9353, 2383, 1617, 29, 67, NA, 574837,  X
179, 183.0, 778344, 60276, 18766, 14659, 11417, 8028, 1710, 1372, 37, 75, NA, 894572,  X
180, 183.9, 5043, 5325, 2861, 5113, 2477, 2468, 1166, 481, 37, 80, NA, 24934,  X
181, 184.9, 7614, 2244, 4740, 3403, 1394, 1114, 1117, 633, 44, 81, NA, 22259,  X
182, 185.9, 5629, 7172, 3195, 2317, 1140, 1391, 1011, 312, 47, 81, NA, 22167,  X
183, 186.9, 81241, 9251, 7115, 1577, 1207, 2350, 1615, 710, 50, 87, NA, 105066,  X
184, 187.9, 22428, 3672, 1686, 1496, 980, 2811, 872, 407, 56, 80, NA, 34352,  X
185, 188.9, 8850, 11767, 2259, 1564, 5292, 1359, 1296, 1027, 53, 56, NA, 33414,  X
186, 190.0, 14736, 16440, 3294, 5157, 652, 3653, 679, 284, 56, 54, NA, 44895,  X
187, 190.9, 103177, 18187, 1439, 4059, 3148, 1696, 1295, 869, 51, 41, NA, 133870,  X
188, 191.9, 39008, 32990, 7019, 3447, 4105, 1243, 951, 1161, 27, 37, NA, 89924,  X
189, 192.9, 4625, 3667, 1707, 1899, 1489, 3382, 909, 549, 43, 44, NA, 18227,  X
190, 193.9, 7101, 4605, 9661, 2565, 2315, 2182, 795, 119, 41, 56, NA, 29343,  X
191, 194.9, 427434, 65733, 8831, 16223, 20713, 9145, 5286, 4276, 44, 60, NA, 557641,  X
192, 195.9, 30837, 17847, 3045, 817, 2858, 2881, 849, 358, 57, 54, NA, 59492,  X
193, 196.9, 66721, 9310, 4879, 1524, 887, 3308, 1137, 426, 51, 54, NA, 88192,  X
194, 197.9, 3775, 2207, 3146, 960, 1561, 1519, 2675, 544, 56, 50, NA, 16387,  X
195, 198.9, 3952, 6110, 4199, 7560, 2344, 1749, 567, 459, 56, 66, NA, 26940,  X
196, 199.9, 4208, 2680, 1666, 5263, 3016, 1322, 1166, 369, 56, 84, NA, 19690,  X
197, 201.0, 1486, 6331, 855, 1726, 449, 1335, 1170, 1157, 53, 81, NA, 14509,  X
198, 201.9, 4801, 13037, 1922, 2527, 2836, 2286, 855, 536, 48, 67, NA, 28800,  X
199, 202.9, 189555, 38171, 23937, 31288, 16226, 5980, 1988, 1925, 44, 64, NA, 309070,  X
200, 203.9, 61772, 41455, 4233, 2590, 2720, 3022, 1148, 365, 38, 44, NA, 117305,  X
201, 204.9, 20054, 22925, 927, 1304, 1687, 845, 940, 698, 24, 29, NA, 49380,  X
202, 205.9, 659987, 63290, 31184, 6330, 6174, 6348, 6753, 3186, 17, 38, NA, 783252,  X
203, 206.9, 18099, 3812, 1496, 2517, 2818, 818, 1200, 792, 23, 34, NA, 31552,  X
204, 208.0, 8092, 12396, 2853, 4604, 876, 3141, 1155, 459, 30, 43, NA, 33576,  X
205, 208.9, 9239, 9378, 2759, 3553, 1526, 646, 1626, 627, 30, 63, NA, 29354,  X
206, 209.9, 194631, 114632, 16888, 4915, 3796, 14967, 2995, 2158, 37, 50, NA, 354982,  X
207, 210.9, 19454, 17680, 5293, 1714, 1379, 1506, 1485, 384, 30, 44, NA, 48895,  X
208, 212.0, 4189, 7950, 2524, 1134, 2820, 888, 462, 329, 24, 41, NA, 20296,  X
209, 212.9, 20818, 5361, 1112, 4547, 992, 2494, 1295, 495, 40, 43, NA, 37114,  X
210, 213.9, 102326, 9745, 1859, 4441, 4863, 2537, 690, 1430, 43, 53, NA, 127891,  X
211, 215.9, 168586, 57119, 9852, 16717, 21717, 19773, 5591, 1671, 54, 50, NA, 301026,  X
212, 216.9, 25762, 5397, 3541, 1415, 3698, 5210, 4118, 2104, 74, 51, NA, 51245,  X
213, 217.9, 42274, 15141, 20648, 7691, 27486, 9742, 14761, 1774, 74, 50, NA, 139517,  X
214, 219.0, 11483, 13370, 5226, 1896, 2226, 2155, 1037, 369, 69, 50, NA, 37762,  X
215, 219.9, 5117, 5361, 9006, 2888, 2594, 3947, 862, 289, 69, 66, NA, 30064,  X
216, 220.9, 4220, 6528, 1515, 2057, 2294, 2583, 809, 830, 64, 63, NA, 20836,  X
217, 221.9, 2779, 2331, 3848, 761, 1970, 3029, 2001, 719, 69, 64, NA, 17438,  X
218, 222.9, 4632, 5706, 767, 1281, 866, 950, 740, 301, 69, 63, NA, 15243,  X
219, 223.9, 3064, 4671, 2340, 6680, 1189, 780, 776, 510, 57, 66, NA, 20010,  X
220, 224.9, 11286, 2045, 658, 3337, 3819, 1049, 1212, 399, 54, 74, NA, 23805,  X
221, 226.0, 6646, 4941, 3542, 1017, 2302, 875, 2413, 1458, 41, 70, NA, 23194,  X
222, 226.9, 3861, 6837, 2608, 590, 1680, 1948, 1440, 1104, 47, 70, NA, 20068,  X
223, 227.9, 10403, 11885, 181, 584, 865, 1405, 1409, 1935, 53, 37, NA, 28667,  X
224, 228.9, 3248, 4698, 3810, 1517, 2331, 2096, 1668, 656, 53, 37, NA, 20024,  X
225, 229.9, 19243, 3588, 747, 2741, 1310, 1153, 879, 207, 60, 37, NA, 29868,  X
226, 230.9, 6668, 12675, 6888, 3867, 2000, 2693, 775, 599, 54, 44, NA, 36165,  X
227, 231.9, 921, 5338, 3472, 895, 1090, 2045, 1628, 550, 61, 69, NA, 15939,  X
228, 232.9, 27994, 46082, 4263, 1874, 1754, 1065, 1092, 759, 40, 51, NA, 84883,  X
229, 233.9, 9746, 4797, 3156, 3190, 1841, 1528, 2126, 933, 38, 54, NA, 27317,  X
230, 234.9, 2345, 4987, 5232, 5270, 2771, 1691, 1799, 433, 37, 61, NA, 24528,  X
231, 235.9, 36831, 4891, 1728, 705, 690, 653, 243, 107, 27, 57, NA, 45848,  X
232, 236.9, 3543, 1379, 2377, 1920, 1634, 1055, 1283, 431, 48, 83, NA, 13622,  X
233, 237.9, 24387, 9603, 1261, 4577, 2675, 1951, 729, 780, 48, 77, NA, 45963,  X
234, 238.9, 125510, 112654, 20172, 15303, 7992, 6499, 6265, 2770, 40, 61, NA, 297165,  X
235, 239.9, 150540, 29347, 5075, 1900, 4878, 7082, 1066, 447, 47, 51, NA, 200335,  X
236, 240.9, 1065334, 43052, 4604, 17559, 9618, 5396, 1231, 644, 38, 40, NA, 1147438,  X
237, 241.9, 8719, 4000, 2327, 1417, 1570, 3581, 518, 874, 48, 40, NA, 23006,  X
238, 242.9, 545174, 33468, 22298, 12324, 5562, 6296, 1673, 1887, 56, 50, NA, 628682,  X
239, 244.0, 11432, 8704, 747, 1750, 1278, 1535, 1193, 807, 53, 53, NA, 27446,  X
240, 244.9, 113949, 37420, 6900, 6605, 3126, 1678, 1118, 691, 44, 51, NA, 171487,  X
241, 245.9, 9363, 2958, 557, 353, 605, 1502, 1460, 1000, 43, 43, NA, 17798,  X
242, 246.9, 11100, 18522, 4255, 7040, 1586, 2992, 1413, 1329, 44, 40, NA, 48237,  X
243, 247.9, 463791, 125343, 27779, 4169, 16633, 16138, 9208, 906, 43, 40, NA, 663967,  X
244, 248.9, 195707, 42490, 3319, 4094, 9522, 2023, 2230, 1656, 43, 29, NA, 261041,  X
245, 249.9, 5493, 2071, 3437, 5957, 1080, 1198, 652, 746, 34, 56, NA, 20634,  X
246, 250.9, 40596, 34923, 3406, 9750, 2950, 2872, 1375, 750, 29, 51, NA, 96622,  X
247, 251.9, 63616, 41738, 11153, 2673, 6354, 2577, 1624, 419, 21, 54, NA, 130154,  X
248, 252.9, 22712, 12784, 4353, 2312, 1851, 1051, 604, 450, 24, 66, NA, 46117,  X
249, 253.9, 294662, 23280, 6045, 6165, 9571, 1598, 2237, 1230, 17, 44, NA, 344788,  X
250, 254.9, 83995, 8207, 695, 835, 314, 254, 71, 65, 10, 38, NA, 94436,  X
251, 255.9, 343861, 11262, 830, 2004, 690, 1232, 665, 278, 14, 37, NA, 360822,  X
252, 256.9, 389132, 37784, 2190, 9075, 6694, 5279, 7764, 2256, 21, 29, NA, 460174,  X
253, 257.9, 667051, 122484, 12129, 12570, 7436, 5124, 10536, 2389, 20, 23, NA, 839719,  X
254, 258.9, 415913, 42571, 4653, 1670, 2841, 1082, 984, 1359, 20, 21, NA, 471073,  X
255, 259.9, 2923856, 125002, 61013, 28697, 86309, 28446, 23149, 2718, 23, 26, NA, 3279190,  X
256, 260.9, 1783115, 355982, 121810, 42302, 29811, 32424, 20092, 16401, 16, 34, NA, 2401937,  X
257, 262.0, 365456, 197711, 15766, 28574, 9026, 5836, 4918, 1169, 13, 35, NA, 628456,  X
258, 262.9, 655824, 62560, 18267, 4702, 15938, 3289, 2197, 1794, 16, 43, NA, 764571,  X
259, 263.9, 356500, 39808, 24824, 25649, 9507, 4309, 4658, 6759, 8, 53, NA, 472014,  X
260, 264.9, 18302, 4706, 2365, 1333, 1173, 2631, 674, 893, 21, 53, NA, 32077,  X
261, 265.9, 7496, 3935, 2076, 1012, 3421, 1598, 1191, 565, 41, 60, NA, 21294,  X
262, 266.9, 2457, 3108, 3172, 1600, 3848, 2128, 917, 693, 60, 66, NA, 17923,  X
263, 267.9, 305455, 104410, 31377, 20409, 29153, 16449, 7174, 9869, 67, 54, NA, 524296,  X
264, 269.0, 489665, 76534, 6255, 13827, 4535, 8096, 3222, 3069, 56, 48, NA, 605203,  X
265, 269.9, 2543, 4218, 2270, 1121, 697, 1424, 2634, 669, 54, 51, NA, 15576,  X
266, 270.9, 14392, 11246, 3339, 2617, 3301, 874, 936, 556, 40, 48, NA, 37261,  X
267, 271.9, 36843, 10435, 940, 959, 1214, 807, 1302, 457, 35, 40, NA, 52957,  X
268, 272.9, 34902, 13940, 547, 2976, 3156, 1262, 1893, 670, 34, 38, NA, 59346,  X
269, 273.9, 21805, 1804, 6240, 557, 1492, 1158, 768, 675, 29, 48, NA, 34499,  X
270, 274.9, 38190, 8572, 2918, 8528, 1365, 2631, 1776, 568, 38, 60, NA, 64548,  X
271, 276.0, 53664, 17861, 2537, 2868, 2937, 848, 786, 279, 34, 64, NA, 81780,  X
272, 276.9, 6810, 9706, 2426, 1250, 1597, 2575, 813, 254, 43, 67, NA, 25431,  X
273, 277.9, 10544, 1795, 1396, 815, 2034, 1076, 1014, 166, 50, 54, NA, 18840,  X
274, 278.9, 8799, 2172, 2980, 1306, 3452, 567, 377, 335, 44, 51, NA, 19988,  X
275, 279.9, 9303, 2959, 1733, 1832, 2292, 1576, 757, 359, 61, 60, NA, 20811,  X
276, 280.9, 16771, 24850, 10111, 4665, 2969, 3167, 1570, 676, 54, 64, NA, 64779,  X
277, 281.9, 616402, 107586, 3560, 16043, 15101, 7954, 4556, 4426, 41, 53, NA, 775628,  X
278, 282.9, 19435, 20053, 2851, 5828, 3566, 1170, 1722, 1208, 35, 47, NA, 55833,  X
279, 283.9, 10390, 9588, 10274, 931, 1017, 1157, 1238, 750, 21, 53, NA, 35345,  X
280, 284.9, 7648, 6672, 3839, 2145, 1577, 793, 579, 579, 20, 56, NA, 23832,  X
281, 285.9, 1489, 2770, 1773, 1095, 2706, 3338, 1230, 579, 40, 64, NA, 14980,  X
282, 287.0, 6429, 6837, 2099, 2279, 2825, 1976, 1621, 651, 53, 64, NA, 24717,  X
283, 287.9, 6552, 3394, 2580, 864, 1324, 1495, 271, 495, 64, 60, NA, 16975,  X
284, 288.9, 2616, 2514, 15310, 683, 2647, 873, 755, 443, 61, 75, NA, 25841,  X
285, 289.9, 5315, 2101, 468, 1179, 2159, 1092, 591, 270, 54, 74, NA, 13175,  X
286, 290.9, 2544, 4845, 8929, 2243, 1625, 1211, 980, 751, 47, 84, NA, 23128,  X
287, 291.9, 5277, 1991, 1094, 805, 2052, 1138, 1070, 345, 48, 78, NA, 13772,  X
288, 292.9, 3187, 1813, 1765, 2339, 391, 2612, 657, 439, 69, 66, NA, 13203,  X
289, 293.9, 51116, 17841, 12123, 1684, 5947, 1765, 1259, 760, 54, 74, NA, 92495,  X
290, 294.9, 11218, 5610, 1332, 918, 2130, 1258, 1057, 319, 60, 54, NA, 23842,  X
291, 295.9, 29748, 14397, 2394, 1793, 716, 3503, 1505, 1143, 56, 51, NA, 55199,  X
292, 296.9, 11579, 4075, 2696, 762, 1925, 2144, 1038, 649, 53, 43, NA, 24868,  X
293, 297.9, 92487, 2934, 2807, 2834, 852, 956, 279, 114, 60, 51, NA, 103263,  X
294, 298.9, 3688, 2513, 5343, 4029, 1335, 1205, 642, 633, 56, 74, NA, 19388,  X
295, 299.9, 17262, 12104, 7294, 2480, 335, 2145, 661, 513, 51, 84, NA, 42794,  X
296, 301.0, 8436, 8810, 2338, 2082, 2360, 1385, 1459, 1473, 43, 81, NA, 28343,  X
297, 301.9, 4271, 7087, 2445, 1281, 2965, 3027, 578, 729, 51, 67, NA, 22383,  X
298, 302.9, 131056, 24097, 5383, 1136, 3598, 1700, 446, 424, 44, 43, NA, 167840,  X
299, 303.9, 6177, 4404, 1249, 6476, 4237, 1641, 658, 481, 48, 44, NA, 25323,  X
300, 305.0, 1741, 4851, 6565, 778, 1683, 2318, 465, 617, 53, 54, NA, 19018,  X
301, 305.9, 3168, 1835, 5935, 2731, 2056, 1769, 1365, 324, 50, 70, NA, 19183,  X
302, 306.9, 1633, 2596, 889, 3050, 1528, 942, 1441, 195, 57, 87, NA, 12274,  X
303, 307.9, 10376, 2687, 2490, 2588, 1322, 1373, 937, 205, 60, 88, NA, 21978,  X
304, 308.9, 718, 4418, 4016, 945, 1549, 1477, 1511, 926, 56, 84, NA, 15560,  X
305, 309.9, 682, 5242, 6071, 1681, 2186, 3449, 1003, 758, 60, 78, NA, 21072,  X
306, 310.9, 113855, 15869, 4076, 4564, 3908, 2430, 613, 511, 57, 70, NA, 145826,  X
307, 312.0, 5981, 5135, 969, 1914, 1404, 1557, 783, 847, 60, 61, NA, 18590,  X
308, 312.9, 9191, 4377, 3071, 5935, 5853, 2046, 1068, 594, 60, 63, NA, 32135,  X
309, 313.9, 8431, 8954, 2854, 464, 1304, 903, 1308, 659, 48, 53, NA, 24877,  X
310, 314.9, 309342, 17669, 3166, 2365, 2156, 1172, 1206, 469, 41, 48, NA, 337545,  X
311, 315.9, 464220, 8282, 9351, 1044, 7657, 6378, 2657, 2113, 47, 51, NA, 501702,  X
312, 316.9, 4079, 867, 1000, 2665, 1124, 2413, 1104, 777, 57, 51, NA, 14029,  X
313, 317.9, 22312, 25160, 3288, 7922, 1869, 1845, 1887, 389, 54, 53, NA, 64672,  X
314, 318.9, 684732, 36220, 1396, 18282, 12745, 6420, 4608, 1354, 61, 56, NA, 765757,  X
315, 319.9, 11330, 2393, 2404, 4469, 2269, 2821, 955, 704, 61, 63, NA, 27345,  X
316, 320.9, 5667, 3243, 4674, 3124, 1033, 1470, 522, 291, 48, 67, NA, 20024,  X
317, 321.9, 8661, 2899, 4334, 913, 1841, 2875, 1018, 267, 66, 77, NA, 22808,  X
318, 322.9, 6656, 5993, 3195, 2905, 1401, 2204, 855, 676, 70, 81, NA, 23885,  X
319, 323.9, 109715, 13607, 6372, 533, 3076, 1210, 1756, 337, 54, 74, NA, 136606,  X
320, 324.9, 1131, 2695, 3447, 822, 602, 1293, 426, 389, 57, 69, NA, 10805,  X
321, 325.9, 84597, 57328, 24379, 19439, 2815, 2951, 2448, 378, 35, 67, NA, 194335,  X
322, 326.9, 76581, 14979, 1113, 965, 669, 645, 509, 168, 20, 53, NA, 95629,  X
323, 327.9, 620654, 69935, 71273, 41692, 28036, 12426, 13676, 5222, 21, 63, NA, 862914,  X
324, 328.9, 158920, 15794, 3735, 5052, 3019, 2940, 2174, 1704, 17, 53, NA, 193338,  X
325, 329.9, 1056486, 198772, 54094, 11865, 29060, 12865, 10894, 2205, 21, 44, NA, 1376241,  X
326, 330.9, 57608, 4125, 1513, 182, 740, 271, 319, 176, 23, 54, NA, 64934,  X
327, 331.9, 2682589, 65889, 52131, 27658, 14416, 7379, 5602, 4048, 21, 53, NA, 2859712,  X
328, 332.9, 193600, 73162, 10669, 5414, 4962, 2861, 3086, 2256, 10, 47, NA, 296010,  X
329, 333.9, 2270034, 450132, 86200, 22971, 56234, 31271, 16200, 3593, 11, 41, NA, 2936635,  X
330, 334.9, 51145, 43271, 5067, 10936, 5329, 6593, 1442, 550, 20, 41, NA, 124333,  X
331, 335.9, 73243, 69567, 6637, 5997, 17775, 12712, 2878, 1253, 29, 20, NA, 190062,  X
332, 336.9, 5564, 6229, 5862, 5820, 1248, 2678, 779, 809, 43, 38, NA, 28989,  X
333, 337.9, 15709, 3851, 3184, 4481, 1981, 1873, 654, 556, 51, 54, NA, 32289,  X
334, 338.9, 43659, 11172, 5105, 3617, 1771, 3501, 700, 654, 56, 60, NA, 70179,  X
335, 339.9, 401134, 34977, 9142, 5997, 7698, 12356, 3938, 2454, 61, 67, NA, 477696,  X
336, 340.9, 333166, 171482, 15752, 13752, 26069, 9501, 3748, 3492, 51, 47, NA, 576962,  X
337, 341.9, 43098, 17881, 2224, 5188, 2287, 1280, 1083, 1322, 41, 37, NA, 74363,  X
338, 342.9, 5451, 5209, 2781, 1374, 2874, 1514, 669, 982, 40, 37, NA, 20854,  X
339, 343.9, 15456, 16525, 1790, 1853, 4933, 1512, 480, 712, 27, 29, NA, 43261,  X
340, 344.9, 19386, 10148, 2161, 7351, 4274, 2639, 753, 385, 38, 43, NA, 47097,  X
341, 345.9, 8142, 6528, 2634, 1933, 4426, 1035, 1326, 497, 44, 44, NA, 26521,  X
342, 346.9, 7208, 10285, 595, 2841, 3405, 1920, 846, 993, 44, 37, NA, 28093,  X
343, 348.0, 4082, 8908, 1966, 957, 2017, 2295, 632, 516, 53, 40, NA, 21373,  X
344, 348.9, 11022, 14994, 4513, 1342, 2195, 1698, 1796, 602, 48, 34, NA, 38162,  X
345, 349.9, 5897, 7365, 684, 3802, 4987, 2573, 611, 540, 54, 30, NA, 26459,  X
346, 350.9, 3659, 5211, 1899, 3451, 2057, 806, 814, 1296, 50, 43, NA, 19193,  X
347, 351.9, 4576, 3045, 2822, 1307, 2598, 1515, 1013, 361, 50, 54, NA, 17237,  X
348, 352.9, 1668, 4085, 1879, 1736, 1112, 1000, 684, 586, 53, 61, NA, 12750,  X
349, 353.9, 4870, 23226, 5824, 2793, 3188, 1580, 933, 365, 38, 61, NA, 42779,  X
350, 354.9, 18805, 9980, 860, 9851, 4440, 1087, 1241, 1560, 35, 61, NA, 47824,  X
351, 355.9, 3269, 11824, 8989, 9347, 2050, 1881, 1687, 504, 24, 67, NA, 39551,  X
352, 356.9, 12092, 10475, 3718, 2334, 864, 1497, 1260, 296, 21, 64, NA, 32536,  X
353, 357.9, 69627, 19670, 4818, 1572, 5020, 4127, 1575, 721, 34, 60, NA, 107130,  X
354, 358.9, 166362, 22784, 3592, 14955, 1774, 1196, 295, 318, 27, 61, NA, 211276,  X
355, 359.9, 40847, 27117, 7932, 1464, 3123, 2713, 1510, 419, 29, 48, NA, 85125,  X
356, 360.9, 22499, 16964, 4320, 3981, 1867, 2341, 1047, 513, 30, 47, NA, 53532,  X
357, 361.9, 124346, 15547, 1508, 11556, 3148, 2513, 293, 1017, 24, 57, NA, 159928,  X
358, 362.9, 22258, 31650, 4186, 4769, 4945, 2419, 1076, 1152, 30, 44, NA, 72455,  X
359, 363.9, 1018723, 52809, 13747, 24746, 11068, 20410, 3780, 1400, 41, 50, NA, 1146683,  X
360, 364.9, 32241, 15598, 14544, 7771, 3813, 2462, 1205, 906, 38, 57, NA, 78540,  X
361, 365.9, 1530233, 88156, 19573, 31080, 59933, 8328, 3280, 1499, 35, 53, NA, 1742082,  X
362, 366.9, 170499, 31227, 11586, 8569, 9207, 2673, 681, 756, 34, 60, NA, 235198,  X
363, 367.9, 161429, 30516, 10514, 1455, 3870, 1276, 421, 265, 13, 56, NA, 209746,  X
364, 368.9, 81252, 3206, 3830, 6245, 2668, 3002, 1419, 339, 26, 57, NA, 101961,  X
365, 369.9, 5936, 7049, 4042, 1220, 1411, 1766, 323, 618, 34, 63, NA, 22365,  X
366, 370.9, 187464, 76981, 14828, 29954, 32699, 13171, 4755, 2925, 40, 60, NA, 362777,  X
367, 371.9, 6040, 4295, 2305, 830, 2466, 2363, 1384, 317, 63, 61, NA, 20000,  X
368, 372.9, 23979, 11967, 8984, 6166, 1983, 1786, 1327, 349, 51, 57, NA, 56541,  X
369, 373.9, 2641, 7260, 5678, 11822, 3301, 1707, 731, 369, 44, 69, NA, 33509,  X
370, 374.9, 326167, 129467, 9012, 25970, 13843, 3965, 2672, 948, 29, 66, NA, 512044,  X
371, 375.9, 83181, 36885, 12402, 4379, 15649, 3530, 554, 728, 14, 64, NA, 157308,  X
372, 376.9, 5642, 5347, 3057, 1214, 2390, 1371, 603, 630, 21, 60, NA, 20254,  X
373, 377.9, 24471, 43521, 8341, 5531, 3499, 1129, 1021, 254, 10, 41, NA, 87767,  X
374, 378.9, 695123, 82661, 12746, 14486, 20097, 13542, 10910, 2525, 24, 41, NA, 852090,  X
375, 379.9, 21306, 4740, 3141, 3819, 4661, 2275, 1141, 722, 37, 47, NA, 41805,  X
376, 380.9, 7413, 5078, 3649, 663, 2308, 1162, 1033, 349, 35, 47, NA, 21655,  X
377, 381.9, 35455, 17508, 3803, 1638, 1679, 957, 841, 463, 43, 47, NA, 62344,  X
378, 382.9, 171857, 237878, 99432, 18603, 6834, 7720, 4091, 2050, 26, 53, NA, 548465,  X
379, 383.9, 34423, 44383, 7777, 5055, 5441, 1820, 1189, 343, 10, 44, NA, 100431,  X
380, 384.9, 164441, 50821, 7435, 1516, 13201, 6015, 1241, 233, 8, 29, NA, 244903,  X
381, 385.9, 16233, 80160, 59802, 39202, 17193, 19448, 5035, 1436, 17, 41, NA, 238509,  X
382, 386.9, 7736, 6837, 2305, 2182, 1159, 1241, 953, 320, 30, 41, NA, 22733,  X
383, 387.9, 121125, 28475, 5694, 8675, 3875, 2519, 1271, 1129, 37, 48, NA, 172763,  X
384, 388.9, 1640560, 726514, 252504, 85298, 83861, 72301, 99605, 28761, 34, 60, NA, 2989404,  X
385, 389.9, 409231, 235013, 26096, 13283, 12940, 7800, 9752, 3087, 20, 41, NA, 717202,  X
386, 391.0, 30683, 15772, 5587, 6725, 2962, 1800, 1759, 1146, 14, 44, NA, 66434,  X
387, 391.9, 109033, 29995, 5962, 14612, 7757, 10147, 3072, 1839, 26, 44, NA, 182417,  X
388, 392.9, 3498, 8503, 7780, 5583, 3304, 1497, 2911, 306, 27, 56, NA, 33382,  X
389, 393.9, 189618, 8156, 871, 5396, 7512, 2230, 1161, 426, 43, 64, NA, 215370,  X
390, 394.9, 5805, 16125, 4539, 6293, 1276, 2668, 1157, 447, 47, 63, NA, 38310,  X
391, 395.9, 33801, 14975, 6581, 11958, 9444, 2233, 2172, 494, 37, 67, NA, 81658,  X
392, 396.9, 12734, 9125, 18116, 3315, 2302, 2083, 3436, 1379, 37, 70, NA, 52490,  X
393, 398.0, 8329, 15455, 2603, 6233, 2700, 1843, 2341, 311, 30, 75, NA, 39815,  X
394, 398.9, 6438, 5852, 5994, 2787, 4735, 1734, 776, 762, 34, 78, NA, 29078,  X
395, 399.9, 13397, 6251, 3806, 5228, 2904, 3434, 1226, 725, 44, 78, NA, 36971,  X
396, 400.9, 1618, 13572, 3120, 2871, 2210, 2234, 1714, 807, 50, 61, NA, 28146,  X
397, 401.9, 6694, 6372, 7995, 1461, 1414, 3044, 1774, 351, 56, 67, NA, 29105,  X
398, 402.9, 406353, 19721, 10478, 32895, 18488, 6397, 5049, 1438, 54, 70, NA, 500819,  X
399, 403.9, 13747, 9828, 1893, 780, 1322, 764, 2721, 457, 41, 60, NA, 31512,  X
400, 404.9, 10906, 8699, 14197, 1658, 9316, 1809, 1902, 1149, 38, 69, NA, 49636,  X
401, 405.9, 740425, 177660, 10042, 28455, 24604, 9575, 4360, 1486, 24, 53, NA, 996607,  X
402, 406.9, 200002, 50986, 3912, 10071, 4721, 4676, 3765, 608, 23, 38, NA, 278741,  X
403, 407.9, 67447, 85426, 3422, 5863, 3476, 2294, 984, 838, 14, 29, NA, 169750,  X
404, 409.0, 902938, 125632, 50549, 31057, 9938, 4159, 9596, 3961, 1, 24, NA, 1137830,  X
405, 409.9, 93073, 25794, 6519, 7169, 6132, 3594, 2310, 2034, 10, 34, NA, 146625,  X
406, 410.9, 220852, 73756, 118307, 35804, 30083, 13366, 13988, 3292, 8, 51, NA, 509448,  X
407, 411.9, 3545342, 479972, 117285, 20649, 29354, 10608, 13730, 4347, 4, 61, NA, 4221287,  X
408, 412.9, 922807, 126114, 24764, 3131, 21225, 9953, 6080, 6053, 14, 50, NA, 1120127,  X
409, 413.9, 951010, 28758, 4528, 5739, 5752, 4195, 4805, 1280, 16, 47, NA, 1006067,  X
410, 414.9, 136542, 12855, 12311, 4330, 6996, 12735, 18619, 3991, 35, 37, NA, 208379,  X
411, 416.0, 9850, 25457, 17470, 3711, 2933, 2038, 2270, 1104, 43, 47, NA, 64833,  X
412, 416.9, 495442, 69970, 23054, 27470, 21286, 11672, 10332, 2786, 48, 57, NA, 662012,  X
413, 417.9, 932379, 214690, 54260, 28131, 16854, 13080, 11076, 12061, 38, 60, NA, 1282531,  X
414, 420.9, 63537, 13254, 3358, 16619, 2622, 2988, 2669, 1191, 21, 66, NA, 106238,  X
415, 421.9, 2773107, 325874, 114438, 35799, 16422, 11485, 10263, 7026, 16, 61, NA, 3294414,  X
416, 422.9, 2655338, 686737, 48885, 92627, 98543, 22668, 22139, 13977, 4, 51, NA, 3640914,  X
417, 423.9, 441439, 96029, 14022, 21008, 18537, 6683, 7660, 2515, 7, 50, NA, 607893,  X
418, 424.9, 140606, 90460, 39622, 20610, 24127, 9147, 9528, 3304, 3, 41, NA, 337404,  X
419, 425.9, 139124, 25893, 43730, 5011, 8297, 9649, 8006, 3012, 20, 50, NA, 242722,  X
420, 427.0, 336195, 119296, 60898, 46823, 33912, 24565, 20327, 7273, 30, 64, NA, 649289,  X
421, 427.9, 45246, 34845, 578, 7662, 7422, 4331, 2464, 1632, 38, 60, NA, 104180,  X
422, 428.9, 446031, 166691, 9128, 42381, 11608, 14199, 9069, 8886, 40, 54, NA, 707993,  X
423, 429.9, 810070, 63519, 13476, 11920, 4983, 3971, 3123, 1805, 29, 41, NA, 912867,  X
424, 430.9, 625062, 43666, 29334, 19506, 16360, 11114, 5054, 4340, 30, 41, NA, 754436,  X
425, 431.9, 493333, 43655, 6508, 8407, 20724, 15530, 4307, 6456, 40, 41, NA, 598920,  X
426, 432.9, 41954, 33854, 4026, 294, 2659, 3749, 2029, 380, 44, 34, NA, 88945,  X
427, 434.0, 10385, 29065, 4141, 1748, 1574, 2218, 1645, 767, 47, 24, NA, 51543,  X
428, 434.9, 7901, 22090, 7902, 4097, 2153, 1567, 597, 166, 38, 21, NA, 46473,  X
429, 435.9, 14365, 15874, 16903, 9515, 5979, 2418, 1969, 895, 23, 40, NA, 67918,  X
430, 436.9, 4765, 27907, 6525, 1379, 1062, 1040, 802, 938, 11, 48, NA, 44418,  X
431, 437.9, 3001, 8076, 4460, 1940, 2954, 1494, 606, 507, 16, 60, NA, 23038,  X
432, 438.9, 3178, 11105, 4874, 2195, 2337, 1847, 1626, 890, 24, 60, NA, 28052,  X
433, 439.9, 7537, 9191, 6236, 4506, 1649, 3294, 1515, 749, 35, 56, NA, 34677,  X
434, 440.9, 387776, 62712, 13853, 3798, 8821, 5570, 3443, 2251, 41, 54, NA, 488224,  X
435, 441.9, 74988, 50203, 8046, 8334, 4192, 1293, 2065, 646, 26, 50, NA, 149767,  X
436, 442.9, 614474, 81963, 10377, 6130, 19258, 8499, 3861, 1773, 24, 38, NA, 746335,  X
437, 443.9, 100975, 34424, 5218, 6166, 5052, 2148, 1107, 317, 13, 27, NA, 155407,  X
438, 444.9, 1028091, 138499, 89342, 23437, 28472, 6186, 3136, 1272, 3, 38, NA, 1318435,  X
439, 445.9, 10730, 26315, 362, 3035, 6561, 2062, 803, 723, 16, 26, NA, 50591,  X
440, 446.9, 89017, 88532, 21606, 11743, 10651, 2298, 437, 1086, 1, 35, NA, 225370,  X
441, 447.9, 1496457, 48593, 9687, 22729, 13895, 3989, 2858, 1841, 1, 40, NA, 1600049,  X
442, 448.9, 208547, 59153, 11599, 20627, 11471, 3860, 1792, 1109, 8, 37, NA, 318158,  X
443, 449.9, 210228, 43101, 12323, 2229, 9793, 2866, 9474, 2306, 3, 47, NA, 292320,  X
444, 450.9, 1026213, 113308, 99899, 40017, 35253, 28403, 19141, 3920, 20, 56, NA, 1366154,  X
445, 452.0, 28856, 8364, 2222, 1506, 1328, 868, 1111, 434, 24, 53, NA, 44689,  X
446, 452.9, 1090348, 36386, 23799, 14729, 6679, 5871, 3240, 2141, 29, 60, NA, 1183193,  X
447, 453.9, 137342, 18152, 4339, 1886, 1474, 708, 1489, 383, 24, 61, NA, 165773,  X
448, 454.9, 919820, 65489, 16360, 18237, 7426, 6058, 1818, 2153, 20, 54, NA, 1037361,  X
449, 455.9, 44192, 15813, 2432, 2283, 1994, 2216, 855, 535, 23, 51, NA, 70320,  X
450, 456.9, 15697, 14512, 11412, 3190, 2428, 1983, 1549, 429, 21, 51, NA, 51200,  X
451, 457.9, 738573, 46708, 60774, 15880, 16033, 3639, 4492, 1283, 21, 64, NA, 887382,  X
452, 459.0, 22701, 13884, 1638, 5665, 3379, 5546, 1640, 1214, 37, 60, NA, 55667,  X
453, 459.9, 6948, 7823, 8593, 1127, 2253, 3784, 1940, 2845, 43, 70, NA, 35313,  X
454, 460.9, 53643, 11429, 1921, 7812, 1343, 945, 1573, 882, 38, 69, NA, 79548,  X
455, 461.9, 43652, 19096, 1985, 7899, 4470, 3405, 445, 929, 53, 57, NA, 81881,  X
456, 462.9, 990719, 137729, 41440, 24071, 6781, 13091, 6143, 2286, 40, 61, NA, 1222260,  X
457, 463.9, 112517, 75968, 26036, 26635, 14702, 10546, 5491, 3330, 29, 57, NA, 275225,  X
458, 464.9, 113261, 22463, 632, 1231, 654, 670, 215, 57, 24, 35, NA, 139183,  X
459, 465.9, 207401, 25528, 13325, 12482, 3246, 2627, 2511, 1357, 16, 43, NA, 268477,  X
460, 466.9, 1784578, 81011, 10018, 16129, 25235, 8947, 10688, 5261, 20, 35, NA, 1941867,  X
461, 468.0, 1045667, 112343, 70443, 90245, 18259, 15988, 39329, 7993, 16, 43, NA, 1400267,  X
462, 468.9, 178366, 49094, 2635, 14818, 8679, 3422, 1380, 601, 21, 57, NA, 258995,  X
463, 469.9, 916332, 505043, 22582, 19698, 19501, 11770, 12725, 8498, 11, 34, NA, 1516149,  X
464, 470.9, 867610, 227125, 30399, 11857, 15471, 18945, 15936, 6749, 10, 29, NA, 1194092,  X
465, 471.9, 490714, 54160, 6425, 27403, 10242, 17434, 5324, 2747, 23, 21, NA, 614449,  X
466, 472.9, 83365, 17372, 7466, 3585, 6256, 4654, 1498, 892, 37, 24, NA, 125088,  X
467, 473.9, 507381, 491528, 83339, 36122, 49705, 15478, 8470, 5632, 38, 35, NA, 1197655,  X
468, 474.9, 162355, 156182, 6804, 5944, 7079, 9989, 2632, 4507, 37, 26, NA, 355492,  X
469, 475.9, 1389088, 96844, 42816, 18329, 9974, 8929, 10573, 6724, 24, 27, NA, 1583277,  X
470, 477.0, 1266898, 26589, 23402, 39766, 10869, 10972, 13562, 5810, 21, 41, NA, 1397868,  X
471, 477.9, 854130, 184396, 74953, 17071, 65376, 12241, 6328, 4382, 24, 47, NA, 1218877,  X
472, 478.9, 514641, 22994, 1379, 4473, 2323, 3576, 874, 846, 34, 56, NA, 551106,  X
473, 479.9, 143625, 29707, 33698, 2581, 4669, 14277, 3309, 3007, 44, 61, NA, 234873,  X
474, 480.9, 4773, 3918, 2073, 2128, 1206, 951, 570, 827, 43, 54, NA, 16446,  X
475, 481.9, 53983, 11455, 3437, 5232, 4537, 2967, 1957, 1223, 56, 57, NA, 84791,  X
476, 482.9, 314889, 118853, 15738, 5721, 5084, 6729, 5792, 1873, 48, 56, NA, 474679,  X
477, 484.0, 25157, 5881, 131, 851, 733, 823, 276, 87, 43, 38, NA, 33939,  X
478, 484.9, 20663, 7169, 19299, 10024, 3995, 2111, 566, 330, 37, 50, NA, 64157,  X
479, 485.9, 40633, 34127, 13524, 17328, 11157, 4097, 2443, 2302, 27, 53, NA, 125611,  X
480, 486.9, 56672, 28632, 10623, 18584, 36897, 9407, 5278, 1536, 41, 61, NA, 167629,  X
481, 487.9, 8579, 5060, 7093, 1889, 2386, 2242, 1200, 503, 44, 81, NA, 28952,  X
482, 488.9, 7375, 3930, 534, 1930, 2059, 2714, 820, 728, 63, 60, NA, 20090,  X
483, 489.9, 10617, 14181, 267, 2530, 2087, 2913, 709, 1348, 70, 43, NA, 34652,  X
484, 490.9, 49800, 32894, 6665, 17668, 10738, 5576, 4244, 602, 66, 44, NA, 128187,  X
485, 491.9, 236714, 99873, 11736, 7006, 10099, 3560, 3826, 2060, 50, 27, NA, 374874,  X
486, 492.9, 7003, 9656, 4152, 1776, 703, 1271, 479, 708, 30, 34, NA, 25748,  X
487, 493.9, 17788, 17484, 8097, 4183, 1545, 2378, 754, 763, 24, 48, NA, 52992,  X
488, 495.0, 8342, 5799, 1008, 1046, 3347, 1426, 826, 509, 30, 40, NA, 22303,  X
489, 495.9, 10653, 1440, 1851, 1141, 248, 1237, 959, 356, 53, 57, NA, 17885,  X
490, 496.9, 1518, 2731, 6319, 4207, 2160, 2191, 1073, 217, 61, 69, NA, 20416,  X
491, 497.9, 12933, 10264, 4955, 1618, 2771, 1745, 1020, 462, 63, 66, NA, 35768,  X
492, 498.9, 11429, 16808, 6544, 291, 1994, 1187, 909, 714, 51, 74, NA, 39876,  X
493, 499.9, 7838, 3213, 1100, 3120, 1133, 2107, 1796, 554, 53, 69, NA, 20861,  X
494, 500.9, 12787, 17153, 2440, 2604, 4743, 1751, 768, 592, 44, 48, NA, 42838,  X
495, 501.9, 10036, 5807, 706, 2715, 1279, 1254, 616, 806, 48, 48, NA, 23219,  X
496, 502.9, 569574, 66016, 10334, 36240, 18056, 8782, 2911, 4905, 51, 51, NA, 716818,  X
497, 503.9, 485740, 247502, 20019, 23533, 13788, 28060, 20479, 7370, 40, 35, NA, 846491,  X
498, 504.9, 35958, 12548, 2815, 1239, 2228, 825, 733, 89, 35, 37, NA, 56435,  X
499, 505.9, 3153, 6941, 2720, 3205, 3614, 1709, 1111, 560, 35, 40, NA, 23013,  X
500, 506.9, 16623, 7066, 1518, 2726, 1007, 4656, 1003, 919, 51, 37, NA, 35518,  X
501, 507.9, 10318, 22070, 2814, 811, 3350, 1851, 1234, 816, 50, 35, NA, 43264,  X
502, 508.9, 261820, 47613, 25191, 10327, 7018, 3253, 1223, 1086, 48, 43, NA, 357531,  X
503, 509.9, 8248, 12938, 1997, 1577, 2451, 892, 650, 650, 37, 35, NA, 29403,  X
504, 510.9, 22871, 21545, 4824, 5564, 1159, 4505, 995, 415, 26, 35, NA, 61878,  X
505, 511.9, 81050, 28568, 1835, 3261, 4246, 1765, 1014, 390, 21, 35, NA, 122129,  X
506, 512.9, 724405, 109978, 33925, 7737, 8899, 3306, 3517, 4089, 16, 29, NA, 895856,  X
507, 513.9, 360551, 156014, 18190, 13416, 17201, 29956, 3826, 3303, 27, 27, NA, 602457,  X
508, 514.9, 47969, 95705, 75165, 25023, 10100, 6625, 3756, 2212, 13, 37, NA, 266555,  X
509, 515.9, 668276, 60941, 18319, 9815, 10028, 5610, 4935, 3291, 16, 47, NA, 781215,  X
510, 516.9, 11015, 4488, 7538, 2773, 1465, 2203, 477, 359, 37, 60, NA, 30318,  X
511, 517.9, 25379, 5512, 2644, 2185, 1803, 1785, 572, 1102, 37, 74, NA, 40982,  X
512, 518.9, 81682, 19467, 5789, 2330, 2866, 2306, 639, 801, 47, 61, NA, 115880,  X
513, 520.0, 5712, 10002, 6872, 3004, 1447, 2031, 1047, 820, 51, 69, NA, 30935,  X
514, 520.9, 16885, 11927, 11130, 1558, 2705, 1521, 571, 576, 41, 63, NA, 46873,  X
515, 521.9, 7654, 7574, 1159, 8068, 5216, 2286, 1561, 425, 38, 66, NA, 33943,  X
516, 522.9, 130464, 27105, 6943, 18117, 5013, 3447, 1525, 512, 37, 75, NA, 193126,  X
517, 523.9, 38589, 14416, 4820, 3880, 976, 1004, 709, 198, 27, 69, NA, 64592,  X
518, 524.9, 182241, 106505, 54520, 32391, 7804, 5187, 3946, 1090, 21, 69, NA, 393684,  X
519, 525.9, 141567, 33987, 12653, 2835, 3159, 1322, 832, 431, 4, 64, NA, 196786,  X
520, 526.9, 510783, 119449, 78031, 37864, 25352, 13726, 5880, 1907, 3, 66, NA, 792992,  X
521, 527.9, 1077316, 244090, 82308, 47603, 22529, 31035, 18495, 2746, 10, 64, NA, 1526122,  X
522, 528.9, 315122, 8893, 2299, 696, 3299, 814, 849, 662, 17, 51, NA, 332634,  X
523, 529.9, 124463, 37025, 595, 1390, 5618, 4312, 744, 379, 34, 29, NA, 174526,  X
524, 530.9, 29448, 14713, 12925, 8214, 6368, 9590, 6180, 1849, 50, 29, NA, 89287,  X
525, 531.9, 19594, 17607, 887, 2941, 708, 2366, 524, 815, 51, 21, NA, 45442,  X
526, 532.9, 7823, 5267, 4934, 1187, 1066, 1642, 800, 1153, 60, 35, NA, 23872,  X
527, 533.9, 4066, 6698, 9037, 4130, 1763, 2775, 1105, 795, 61, 67, NA, 30369,  X
528, 534.9, 17031, 7521, 2704, 5051, 4724, 1807, 1034, 844, 53, 66, NA, 40716,  X
529, 535.9, 3431, 8394, 3870, 5905, 2238, 2098, 745, 502, 54, 80, NA, 27183,  X
530, 536.9, 6646, 12349, 3846, 3044, 550, 1480, 743, 680, 48, 77, NA, 29338,  X
531, 538.0, 428869, 106066, 12185, 34327, 24309, 8453, 3222, 3326, 40, 63, NA, 620757,  X
532, 538.9, 5593, 2987, 5011, 2848, 920, 2113, 1049, 1027, 44, 70, NA, 21548,  X
533, 539.9, 9921, 2312, 2150, 3877, 988, 2813, 725, 516, 53, 75, NA, 23302,  X
534, 540.9, 3799, 7402, 1192, 5054, 603, 875, 885, 469, 51, 78, NA, 20279,  X
535, 541.9, 14509, 4851, 2043, 3900, 1653, 1507, 291, 438, 60, 87, NA, 29192,  X
536, 542.9, 17028, 8411, 1528, 1091, 2128, 990, 1171, 433, 51, 67, NA, 32780,  X
537, 543.9, 21433, 9703, 4044, 5039, 1261, 1671, 516, 482, 40, 64, NA, 44149,  X
538, 545.0, 8024, 10654, 3758, 5708, 1696, 1013, 533, 657, 38, 64, NA, 32043,  X
539, 545.9, 8966, 5440, 2532, 4855, 738, 980, 337, 262, 34, 69, NA, 24110,  X
540, 546.9, 13854, 10388, 5404, 2267, 1629, 1498, 1896, 480, 30, 78, NA, 37416,  X
541, 547.9, 20925, 2154, 2815, 2269, 2385, 1726, 1360, 279, 40, 78, NA, 33913,  X
542, 548.9, 5848, 7797, 1858, 223, 1606, 1341, 1143, 392, 50, 66, NA, 20208,  X
543, 549.9, 31809, 8529, 1327, 1947, 366, 1294, 476, 399, 53, 54, NA, 46147,  X
544, 550.9, 8832, 5866, 10062, 32, 3356, 1415, 347, 844, 54, 60, NA, 30754,  X
545, 551.9, 27133, 14942, 8287, 3589, 1454, 1106, 847, 426, 38, 57, NA, 57784,  X
546, 552.9, 37991, 8234, 16634, 12129, 3865, 1957, 1060, 1386, 27, 81, NA, 83256,  X
547, 553.9, 7620, 8248, 9365, 1061, 3039, 3875, 388, 346, 34, 88, NA, 33942,  X
548, 554.9, 13464, 28039, 3185, 7229, 1865, 1541, 6157, 507, 26, 78, NA, 61987,  X
549, 555.9, 190166, 24324, 16485, 8740, 5786, 2714, 780, 1281, 27, 80, NA, 250276,  X
550, 556.9, 25021, 12101, 12996, 1334, 3426, 2161, 756, 1329, 34, 67, NA, 59124,  X
551, 557.9, 24212, 6181, 1365, 2551, 5005, 4166, 938, 261, 41, 60, NA, 44679,  X
552, 558.9, 489562, 94077, 40344, 38542, 43045, 5609, 4166, 2402, 38, 64, NA, 717747,  X
553, 559.9, 25062, 4732, 2280, 2980, 929, 1707, 819, 327, 51, 64, NA, 38836,  X
554, 560.9, 15098, 11497, 2263, 1131, 2571, 2408, 550, 995, 56, 51, NA, 36513,  X
555, 561.9, 7491, 6254, 5013, 5523, 3257, 1059, 806, 251, 37, 64, NA, 29654,  X
556, 563.0, 17631, 9139, 6695, 1606, 2802, 1181, 1158, 482, 44, 66, NA, 40694,  X
557, 563.9, 12416, 33174, 2286, 4880, 3662, 1176, 1033, 324, 27, 53, NA, 58951,  X
558, 564.9, 592051, 19234, 24030, 18704, 12563, 3690, 3906, 1294, 16, 70, NA, 675472,  X
559, 565.9, 28644, 14653, 24419, 8674, 3796, 2036, 696, 296, 13, 77, NA, 83214,  X
560, 566.9, 13641, 15181, 2023, 4203, 1644, 1764, 525, 566, 14, 67, NA, 39547,  X
561, 567.9, 8223, 5531, 6862, 2401, 1356, 2600, 1092, 527, 34, 87, NA, 28592,  X
562, 568.9, 21663, 18213, 4080, 1046, 1656, 1546, 1728, 1266, 35, 69, NA, 51198,  X
563, 569.9, 22953, 13060, 5711, 820, 2733, 1356, 391, 918, 38, 54, NA, 47942,  X
564, 570.9, 25945, 9356, 2474, 3886, 1180, 803, 1393, 768, 34, 60, NA, 45805,  X
565, 571.9, 18965, 5786, 1907, 2481, 3552, 1912, 616, 888, 35, 51, NA, 36107,  X
566, 572.9, 270208, 94201, 4275, 28478, 11438, 5804, 2307, 2726, 29, 53, NA, 419437,  X
567, 573.9, 144919, 7155, 4239, 4866, 4515, 4783, 2043, 1074, 44, 56, NA, 173594,  X
568, 574.9, 17682, 4903, 5365, 3672, 2077, 3701, 776, 520, 61, 60, NA, 38696,  X
569, 575.9, 9989, 7913, 2079, 5542, 2835, 1367, 1295, 902, 53, 64, NA, 31922,  X
570, 576.9, 8370, 7695, 1956, 1879, 3387, 3958, 1438, 859, 75, 63, NA, 29542,  X
571, 577.9, 8288, 4156, 2706, 1445, 1709, 2432, 989, 262, 74, 63, NA, 21987,  X
572, 578.9, 6057, 2061, 1599, 10173, 1902, 1286, 1140, 337, 63, 74, NA, 24555,  X
573, 579.9, 15026, 8381, 4158, 1887, 1212, 2027, 1344, 474, 67, 69, NA, 34509,  X
574, 581.0, 5030, 6589, 2419, 3360, 2760, 946, 2209, 955, 53, 78, NA, 24268,  X
575, 581.9, 5831, 3981, 7698, 3986, 1426, 3437, 873, 720, 50, 88, NA, 27952,  X
576, 582.9, 13215, 20455, 5660, 11144, 1891, 2099, 2360, 537, 44, 77, NA, 57361,  X
577, 583.9, 11733, 7240, 16284, 4928, 2755, 1058, 1543, 370, 34, 91, NA, 45911,  X
578, 584.9, 67462, 15947, 699, 2156, 1852, 1211, 1269, 609, 30, 78, NA, 91205,  X
579, 585.9, 14729, 7126, 1090, 773, 2644, 1397, 905, 819, 27, 57, NA, 29483,  X
580, 586.9, 34084, 6452, 1354, 2829, 2173, 2159, 1290, 633, 41, 51, NA, 50974,  X
581, 588.0, 19354, 8462, 6349, 4805, 758, 1082, 643, 435, 44, 44, NA, 41888,  X
582, 588.9, 450038, 200860, 15817, 9623, 13342, 3965, 5085, 4904, 30, 43, NA, 703634,  X
583, 589.9, 7323, 9877, 2353, 2033, 1306, 1061, 2075, 653, 26, 50, NA, 26681,  X
584, 590.9, 11168, 27234, 2791, 3613, 3460, 1773, 1486, 714, 11, 43, NA, 52239,  X
585, 591.9, 12416, 9253, 765, 6311, 337, 2191, 816, 202, 20, 37, NA, 32291,  X
586, 592.9, 11257, 14829, 3564, 2660, 5746, 888, 1909, 679, 27, 47, NA, 41532,  X
587, 593.9, 460271, 142473, 55745, 14292, 7313, 8189, 4529, 4943, 21, 48, NA, 697755,  X
588, 594.9, 51303, 42006, 8055, 7336, 3618, 1682, 1207, 925, 16, 54, NA, 116132,  X
589, 595.9, 10443, 4350, 2186, 841, 2398, 2229, 470, 668, 23, 48, NA, 23585,  X
590, 596.9, 188409, 56343, 28807, 30767, 15819, 10407, 4887, 4774, 30, 56, NA, 340213,  X
591, 597.9, 60571, 34161, 4545, 3823, 1417, 1307, 2048, 1137, 27, 50, NA, 109009,  X
592, 598.9, 32475, 13963, 4614, 4501, 4466, 3163, 1240, 747, 43, 51, NA, 65169,  X
593, 599.9, 9780, 2936, 614, 2156, 825, 2501, 1056, 394, 48, 54, NA, 20262,  X
594, 600.9, 6141, 6925, 522, 5002, 1143, 1592, 1616, 1984, 51, 51, NA, 24925,  X
595, 601.9, 31452, 18696, 9463, 3233, 1922, 1320, 1046, 775, 54, 61, NA, 67907,  X
596, 602.9, 96686, 6047, 6363, 2749, 1169, 1530, 887, 335, 50, 69, NA, 115766,  X
597, 603.9, 923485, 103632, 15084, 32067, 16295, 8985, 5433, 789, 29, 67, NA, 1105770,  X
598, 604.9, 45079, 36640, 6341, 3639, 2899, 7926, 673, 1006, 34, 60, NA, 104203,  X
599, 605.9, 9747, 31077, 5227, 7325, 2121, 1611, 1012, 436, 34, 54, NA, 58556,  X
600, 606.9, 150400, 149025, 4582, 7620, 26278, 6607, 9724, 2300, 24, 26, NA, 356536,  X
601, 607.9, 128203, 9035, 34, 676, 328, 480, 309, 80, 23, 10, NA, 139145,  X
602, 608.9, 93103, 7256, 794, 1014, 2256, 2979, 759, 492, 29, 7, NA, 108653,  X
603, 609.9, 108039, 12051, 1996, 6516, 4523, 1810, 1279, 674, 38, 10, NA, 136888,  X
604, 610.9, 288307, 12182, 1623, 4249, 1223, 582, 264, 223, 37, 29, NA, 308653,  X
605, 611.9, 115881, 130755, 45530, 33932, 13828, 12643, 9332, 1691, 38, 48, NA, 363592,  X
606, 612.9, 21449, 12501, 1853, 5397, 1683, 4334, 683, 531, 35, 57, NA, 48431,  X
607, 613.9, 226462, 36137, 1709, 7768, 18668, 2637, 3402, 1705, 29, 47, NA, 298488,  X
608, 614.9, 25662, 17086, 4501, 1285, 1521, 980, 753, 619, 34, 43, NA, 52407,  X
609, 615.9, 310254, 156853, 24132, 5791, 9153, 22407, 22029, 8777, 40, 30, NA, 559396,  X
610, 616.9, 687614, 37246, 7268, 12294, 7716, 8688, 11872, 2626, 37, 30, NA, 775324,  X
611, 617.9, 652380, 320514, 25366, 44544, 15996, 12012, 15109, 3358, 29, 34, NA, 1089279,  X
612, 618.9, 178476, 15738, 2118, 2668, 1072, 893, 571, 158, 27, 34, NA, 201694,  X
613, 619.9, 178185, 28966, 46431, 36455, 11837, 6748, 3771, 3271, 23, 56, NA, 315664,  X
614, 620.9, 12991, 15430, 4086, 1146, 1577, 2441, 961, 835, 20, 54, NA, 39467,  X
615, 621.9, 589661, 91941, 10423, 12301, 6141, 5386, 1885, 2008, 23, 54, NA, 719746,  X
616, 622.9, 21734, 4808, 5331, 3554, 1489, 2831, 748, 203, 40, 67, NA, 40698,  X
617, 624.0, 26728, 28144, 5717, 2260, 3644, 1392, 865, 662, 35, 48, NA, 69412,  X
618, 624.9, 6624, 8940, 515, 1955, 1292, 2568, 512, 468, 41, 44, NA, 22874,  X
619, 625.9, 2847, 2919, 2155, 2983, 1477, 1459, 704, 387, 54, 57, NA, 14931,  X
620, 626.9, 13681, 14264, 4496, 2368, 5257, 1541, 375, 656, 43, 47, NA, 42638,  X
621, 627.9, 1705, 2973, 490, 1927, 538, 2054, 753, 439, 67, 53, NA, 10879,  X
622, 628.9, 41120, 12450, 5730, 1406, 1430, 1585, 962, 317, 57, 61, NA, 65000,  X
623, 629.9, 184889, 5895, 21461, 4381, 3977, 7746, 2429, 1091, 61, 66, NA, 231869,  X
624, 631.9, 257668, 33228, 4772, 1405, 4095, 2449, 1462, 508, 60, 60, NA, 305587,  X
625, 632.9, 1740843, 85212, 20779, 4663, 19533, 14056, 6560, 2424, 48, 51, NA, 1894070,  X
626, 633.9, 141851, 24465, 1160, 4717, 2693, 778, 580, 200, 37, 44, NA, 176444,  X
627, 634.9, 140266, 57237, 1312, 1978, 4592, 2719, 1656, 1615, 20, 10, NA, 211375,  X
628, 635.9, 67480, 52777, 546, 2448, 2504, 5033, 4528, 2081, 23, 1, NA, 137397,  X
629, 636.9, 7474, 6809, 4474, 2247, 2888, 3538, 888, 695, 29, 8, NA, 29013,  X
630, 637.9, 14140, 6365, 451, 805, 1631, 1932, 556, 468, 53, 3, NA, 26348,  X
631, 638.9, 51747, 17359, 3187, 1811, 3077, 2705, 941, 619, 63, 17, NA, 81446,  X
632, 639.9, 18655, 10447, 1704, 2173, 2445, 1928, 1051, 588, 67, 35, NA, 38991,  X
633, 640.9, 5850, 3743, 1519, 1490, 2893, 1255, 1137, 397, 64, 29, NA, 18284,  X
634, 641.9, 146628, 69548, 21307, 19473, 10708, 4964, 3829, 1534, 47, 43, NA, 277991,  X
635, 642.9, 51770, 10051, 2900, 3352, 4670, 577, 1235, 192, 35, 50, NA, 74747,  X
636, 643.9, 3284, 2996, 5082, 756, 2183, 896, 911, 673, 30, 63, NA, 16781,  X
637, 644.9, 4950, 3236, 1560, 1244, 850, 2376, 889, 641, 40, 64, NA, 15746,  X
638, 645.9, 20512, 21052, 13411, 4076, 9206, 1351, 1141, 359, 37, 66, NA, 71108,  X
639, 646.9, 2877, 1809, 2028, 7339, 1884, 1653, 544, 389, 51, 81, NA, 18523,  X
640, 647.9, 6466, 3453, 1103, 1930, 1640, 1854, 642, 172, 61, 74, NA, 17260,  X
641, 648.9, 7833, 8204, 1854, 6054, 2300, 2796, 992, 709, 51, 77, NA, 30742,  X
642, 649.9, 4775, 4397, 2153, 1959, 1083, 1653, 436, 285, 67, 78, NA, 16741,  X
643, 650.9, 2586, 956, 3517, 1829, 2222, 1567, 1073, 336, 74, 74, NA, 14086,  X
644, 651.9, 6853, 6960, 3207, 3980, 4302, 1711, 907, 379, 64, 77, NA, 28299,  X
645, 652.9, 2891, 2371, 496, 1355, 2218, 640, 2060, 335, 64, 70, NA, 12366,  X
646, 653.9, 43821, 13159, 4164, 1318, 6435, 2849, 551, 448, 63, 61, NA, 72745,  X
647, 654.9, 15441, 5552, 1868, 732, 3667, 2384, 774, 887, 64, 47, NA, 31305,  X
648, 655.9, 847, 5114, 560, 2862, 3522, 1480, 1087, 338, 66, 41, NA, 15810,  X
649, 656.9, 5166, 5106, 10646, 1644, 1956, 1160, 732, 525, 57, 54, NA, 26935,  X
650, 657.9, 2903, 8352, 5139, 3020, 1850, 2378, 315, 403, 57, 64, NA, 24360,  X
651, 658.9, 18972, 10860, 3888, 3002, 1093, 2266, 605, 1109, 50, 70, NA, 41795,  X
652, 659.9, 6096, 657, 4317, 2547, 1599, 1815, 1322, 1138, 53, 88, NA, 19491,  X
653, 660.9, 95532, 14645, 876, 2149, 1268, 1004, 788, 655, 51, 66, NA, 116917,  X
654, 661.9, 9947, 34133, 6525, 1710, 3353, 1499, 1268, 784, 38, 54, NA, 59219,  X
655, 662.9, 166248, 14022, 15787, 3861, 2358, 3613, 845, 423, 37, 63, NA, 207157,  X
656, 663.9, 3903, 3566, 5262, 2407, 1549, 1253, 945, 656, 27, 60, NA, 19541,  X
657, 664.9, 10885, 4750, 4378, 4010, 2450, 2923, 827, 394, 41, 77, NA, 30617,  X
658, 665.9, 3563, 3418, 4143, 3147, 1648, 2562, 945, 354, 61, 91, NA, 19780,  X
659, 667.0, 1711, 5126, 3474, 494, 5343, 994, 2590, 421, 63, 81, NA, 20153,  X
660, 667.9, 37488, 5355, 1306, 4006, 1733, 989, 617, 380, 61, 75, NA, 51874,  X
661, 668.9, 4513, 5498, 2759, 1986, 1470, 2964, 1462, 822, 63, 67, NA, 21474,  X
662, 669.9, 33829, 5667, 1652, 2903, 1515, 1948, 859, 879, 61, 61, NA, 49252,  X
663, 670.9, 3654, 2392, 1407, 2443, 1773, 1448, 918, 568, 67, 69, NA, 14603,  X
664, 671.9, 912, 2577, 2800, 4177, 2487, 3165, 1030, 949, 80, 70, NA, 18097,  X
665, 672.9, 7631, 7478, 4589, 2096, 2661, 1698, 1144, 514, 74, 74, NA, 27811,  X
666, 673.9, 21663, 10317, 4010, 2977, 1619, 1667, 573, 1120, 64, 74, NA, 43946,  X
667, 674.9, 26632, 44194, 3959, 7447, 2085, 4006, 2502, 1721, 53, 60, NA, 92546,  X
668, 675.9, 100395, 49884, 12277, 10504, 4696, 10493, 3049, 867, 47, 53, NA, 192165,  X
669, 676.9, 17271, 6866, 869, 853, 3121, 2235, 1267, 448, 53, 38, NA, 32930,  X
670, 677.9, 12023, 13597, 1996, 2725, 1525, 1341, 985, 1452, 50, 34, NA, 35644,  X
671, 678.9, 4331, 3196, 8779, 2642, 2646, 1679, 484, 789, 54, 51, NA, 24546,  X
672, 679.9, 1716, 6845, 398, 1263, 3841, 2861, 896, 397, 63, 40, NA, 18217,  X
673, 680.9, 14109, 42936, 8101, 9691, 4841, 4313, 1431, 949, 50, 50, NA, 86371,  X
674, 681.9, 710907, 104534, 42224, 22753, 13252, 12392, 14172, 2573, 50, 54, NA, 922807,  X
675, 682.9, 425932, 43287, 17393, 13558, 6457, 6344, 2271, 679, 47, 47, NA, 515921,  X
676, 683.9, 116640, 22338, 7060, 1700, 4130, 4730, 648, 696, 38, 54, NA, 157942,  X
677, 685.0, 1828819, 592574, 52822, 84952, 41613, 32920, 8241, 6642, 35, 50, NA, 2648583,  X
678, 685.9, 65581, 4512, 722, 405, 387, 382, 436, 98, 34, 40, NA, 72523,  X
679, 686.9, 231157, 42840, 21299, 10578, 4261, 9586, 4350, 1324, 38, 40, NA, 325395,  X
680, 687.9, 172951, 11027, 21332, 16436, 2679, 5154, 1376, 814, 35, 61, NA, 231769,  X
681, 688.9, 3123196, 81585, 195275, 26792, 58016, 30787, 34191, 20004, 43, 80, NA, 3569846,  X
682, 689.9, 2057058, 264672, 7526, 53747, 38181, 25546, 6718, 718, 44, 78, NA, 2454166,  X
683, 690.9, 612157, 6986, 3066, 6550, 1665, 1329, 635, 428, 40, 83, NA, 632816,  X
684, 692.0, 995414, 33174, 2148, 9310, 4288, 2437, 836, 935, 34, 63, NA, 1048542,  X
685, 692.9, 237119, 9837, 1762, 502, 951, 579, 184, 85, 26, 43, NA, 251019,  X
686, 693.9, 285446, 61143, 23070, 18461, 12097, 12550, 3955, 4830, 29, 54, NA, 421552,  X
687, 694.9, 73354, 10393, 4094, 2863, 4515, 2761, 1349, 473, 38, 44, NA, 99802,  X
688, 695.9, 1693228, 273354, 60352, 52285, 10033, 6634, 9189, 2296, 24, 48, NA, 2107371,  X
689, 696.9, 908057, 143163, 54803, 13358, 13865, 3035, 3787, 1462, 13, 56, NA, 1141530,  X
690, 697.9, 1420321, 71740, 6491, 9933, 4424, 3582, 2023, 1796, 1, 48, NA, 1520310,  X
691, 698.9, 1235811, 88363, 64447, 37405, 40744, 10180, 10530, 4622, 1, 54, NA, 1492102,  X
692, 699.9, 21736, 11220, 7964, 1521, 1029, 802, 865, 778, 1, 61, NA, 45915,  X
693, 700.9, 63866, 64558, 11832, 4074, 4559, 2027, 1479, 883, 4, 54, NA, 153278,  X
694, 701.9, 273977, 18293, 6703, 3036, 8458, 3735, 1924, 1979, 16, 57, NA, 318105,  X
695, 703.0, 91369, 28636, 4236, 4632, 9293, 2179, 1808, 1539, 16, 47, NA, 143692,  X
696, 703.9, 109151, 52657, 18859, 3630, 3188, 3307, 2918, 1133, 17, 38, NA, 194843,  X
697, 704.9, 1363168, 11700, 22246, 8836, 2476, 3843, 4597, 1647, 30, 60, NA, 1418513,  X
698, 705.9, 64364, 5316, 2262, 4649, 1672, 3584, 3124, 1374, 40, 67, NA, 86345,  X
699, 706.9, 13762, 6021, 2166, 1137, 1932, 2215, 811, 533, 53, 70, NA, 28577,  X
700, 707.9, 36908, 98404, 28117, 33322, 20843, 31094, 3662, 2965, 69, 70, NA, 255315,  X
701, 708.9, 45857, 32175, 8178, 7784, 12387, 8553, 1901, 2115, 77, 53, NA, 118950,  X
702, 710.0, 5559, 6184, 8042, 2114, 1245, 1959, 1260, 1281, 67, 57, NA, 27644,  X
703, 710.9, 2188, 6195, 2424, 1170, 1699, 3009, 1300, 1181, 69, 60, NA, 19166,  X
704, 711.9, 109711, 52284, 5170, 7434, 4323, 5949, 3528, 1770, 61, 51, NA, 190169,  X
705, 712.9, 744228, 24428, 3448, 18918, 7187, 11076, 3823, 3173, 63, 56, NA, 816281,  X
706, 713.9, 1303, 3321, 11928, 1965, 1415, 1485, 1725, 1107, 57, 64, NA, 24249,  X
707, 714.9, 14600, 11926, 5664, 14978, 5389, 3316, 7879, 1153, 47, 75, NA, 64905,  X
708, 715.9, 2355, 2255, 2000, 2112, 977, 926, 910, 652, 53, 93, NA, 12187,  X
709, 717.0, 4650, 5014, 1236, 2492, 928, 1202, 1763, 390, 48, 93, NA, 17675,  X
710, 717.9, 7486, 5317, 4648, 3813, 2473, 2970, 1167, 673, 56, 83, NA, 28547,  X
711, 718.9, 681807, 43963, 4316, 15441, 3328, 8105, 2368, 2977, 60, 74, NA, 762305,  X
712, 719.9, 410214, 42531, 6213, 4517, 3814, 1437, 1415, 233, 43, 57, NA, 470374,  X
713, 720.9, 571777, 38066, 16217, 12014, 4895, 4466, 4483, 3488, 35, 57, NA, 655406,  X
714, 721.9, 888646, 134873, 52037, 13519, 8475, 17856, 6486, 2116, 26, 53, NA, 1124008,  X
715, 722.9, 1543945, 111933, 30179, 16518, 6877, 6086, 2409, 2090, 13, 53, NA, 1720037,  X
716, 724.0, 17555, 8314, 8243, 4120, 1835, 1700, 1194, 676, 24, 67, NA, 43637,  X
717, 724.9, 49476, 8721, 3495, 2010, 927, 2819, 622, 575, 37, 64, NA, 68645,  X
718, 725.9, 329685, 66179, 8317, 4403, 5018, 8555, 2560, 3714, 40, 54, NA, 428431,  X
719, 726.9, 96162, 8380, 1885, 4747, 1579, 2873, 2336, 908, 56, 57, NA, 118870,  X
720, 728.0, 188074, 40329, 26287, 4318, 7599, 8712, 7064, 1946, 61, 50, NA, 284329,  X
721, 728.9, 85731, 10001, 5688, 3754, 3186, 1340, 1735, 1811, 50, 54, NA, 113246,  X
722, 729.9, 22056, 13638, 2687, 3708, 1082, 2024, 3914, 628, 48, 63, NA, 49737,  X
723, 730.9, 89680, 9728, 4861, 3452, 1487, 1258, 2041, 725, 38, 66, NA, 113232,  X
724, 731.9, 821941, 256237, 14679, 17393, 12785, 9209, 4900, 3118, 23, 50, NA, 1140262,  X
725, 732.9, 938322, 71889, 21062, 34196, 15517, 14918, 5762, 2556, 29, 48, NA, 1104222,  X
726, 733.9, 759909, 70005, 16075, 14498, 4260, 2757, 10477, 4287, 14, 50, NA, 882268,  X
727, 734.9, 307248, 132884, 2390, 8889, 10658, 11598, 7627, 4480, 16, 24, NA, 485774,  X
728, 735.9, 218458, 68228, 14846, 5312, 10293, 5780, 6805, 7250, 26, 34, NA, 336972,  X
729, 736.9, 32135, 6615, 4180, 2522, 1637, 2234, 1526, 654, 29, 35, NA, 51503,  X
730, 737.9, 42997, 76862, 46023, 30085, 6807, 6477, 5561, 2971, 35, 43, NA, 217783,  X
731, 738.9, 9882, 10280, 7618, 8971, 2402, 1807, 2631, 536, 35, 70, NA, 44127,  X
732, 739.9, 213445, 56001, 8477, 7967, 4017, 1757, 1772, 1119, 23, 74, NA, 294555,  X
733, 740.9, 9491, 7507, 3683, 2207, 1972, 3467, 912, 490, 27, 69, NA, 29729,  X
734, 741.9, 157372, 11232, 7683, 25899, 23205, 14887, 10026, 6025, 50, 67, NA, 256329,  X
735, 742.9, 843500, 173084, 18009, 13065, 12569, 13043, 3011, 1553, 50, 48, NA, 1077834,  X
736, 743.9, 62503, 30200, 2680, 3587, 3273, 4892, 1501, 549, 66, 41, NA, 109185,  X
737, 744.9, 5310, 3539, 3942, 1741, 2121, 955, 1768, 460, 56, 50, NA, 19836,  X
738, 745.9, 9184, 13623, 1377, 3178, 4776, 2250, 1703, 722, 47, 37, NA, 36813,  X
739, 746.9, 10367, 5165, 2521, 3173, 1894, 2611, 3461, 690, 61, 50, NA, 29882,  X
740, 747.9, 1000206, 69647, 29602, 35495, 19827, 9812, 7749, 1368, 53, 64, NA, 1173706,  X
741, 748.9, 386421, 85362, 5862, 9500, 6109, 7573, 16035, 2854, 51, 47, NA, 519716,  X
742, 749.9, 905533, 40680, 18082, 40422, 21017, 5423, 6304, 2439, 41, 61, NA, 1039900,  X
743, 750.9, 83503, 6354, 2711, 1155, 2898, 1547, 2420, 525, 38, 56, NA, 101113,  X
744, 751.9, 64432, 44354, 38886, 12056, 15637, 12260, 7247, 4576, 43, 57, NA, 199448,  X
745, 752.9, 149801, 133713, 15163, 10408, 11011, 21489, 6066, 3298, 50, 56, NA, 350949,  X
746, 753.9, 13788, 4148, 1341, 406, 3217, 2056, 2651, 801, 70, 40, NA, 28408,  X
747, 754.9, 32833, 6157, 4409, 5006, 1250, 2290, 1371, 648, 69, 50, NA, 53964,  X
748, 755.9, 10560, 8010, 2988, 4146, 957, 2456, 1163, 452, 70, 48, NA, 30732,  X
749, 756.9, 128407, 17420, 4428, 5474, 6057, 2627, 2797, 1333, 67, 57, NA, 168543,  X
750, 757.9, 611965, 47057, 36869, 11159, 14863, 7993, 9367, 3681, 53, 74, NA, 742954,  X
751, 758.9, 44167, 34669, 4933, 15598, 13920, 12924, 8655, 1651, 57, 60, NA, 136517,  X
752, 759.9, 15844, 5085, 3675, 2218, 3309, 2314, 978, 546, 61, 60, NA, 33969,  X
753, 760.9, 4916, 5080, 728, 312, 607, 2609, 2888, 992, 78, 47, NA, 18132,  X
754, 761.9, 91554, 44700, 5761, 6073, 10895, 3737, 2050, 467, 75, 35, NA, 165237,  X
755, 762.9, 6668, 1352, 256, 1502, 1425, 1229, 1588, 741, 81, 37, NA, 14761,  X
756, 763.9, 854512, 64666, 33289, 19633, 18663, 21697, 5111, 4151, 78, 37, NA, 1021722,  X
757, 764.9, 16751, 28170, 8989, 3623, 5061, 5322, 2096, 305, 66, 47, NA, 70317,  X
758, 765.9, 74242, 16266, 5389, 6258, 1662, 1770, 1007, 884, 64, 57, NA, 107478,  X
759, 766.9, 26987, 3511, 5882, 1278, 2481, 1615, 922, 1371, 54, 66, NA, 44047,  X
760, 767.9, 502912, 19820, 3096, 5111, 10740, 5581, 3681, 1078, 54, 60, NA, 552019,  X
761, 768.9, 25989, 21500, 4471, 4786, 2251, 2384, 4113, 833, 50, 61, NA, 66327,  X
762, 769.9, 16196, 6814, 1266, 4818, 3272, 1567, 893, 1049, 56, 60, NA, 35875,  X
763, 771.0, 30511, 12549, 3806, 5058, 2942, 2082, 2466, 1185, 53, 53, NA, 60599,  X
764, 771.9, 4564, 6610, 3785, 3881, 1498, 2664, 779, 481, 53, 63, NA, 24262,  X
765, 772.9, 11115, 5615, 3334, 2261, 1061, 1386, 3308, 447, 57, 69, NA, 28527,  X
766, 773.9, 18234, 16800, 6087, 13146, 5631, 2159, 3412, 1284, 51, 74, NA, 66753,  X
767, 774.9, 1570, 1642, 1138, 1517, 765, 2087, 2504, 545, 67, 77, NA, 11768,  X
768, 775.9, 113124, 5876, 1544, 4509, 2622, 1567, 1786, 968, 63, 75, NA, 131996,  X
769, 776.9, 88420, 20992, 1177, 3991, 4824, 3982, 3130, 1656, 66, 60, NA, 128172,  X
770, 777.9, 152020, 11779, 8370, 4196, 3685, 3744, 1274, 1408, 77, 57, NA, 186476,  X
771, 778.9, 538137, 167154, 75324, 31900, 36564, 14168, 15439, 2552, 51, 56, NA, 881238,  X
772, 779.9, 571194, 37902, 2791, 18126, 3790, 6135, 5215, 1936, 48, 53, NA, 647089,  X
773, 780.9, 554589, 187748, 46690, 47653, 30493, 19320, 19215, 6988, 40, 61, NA, 912696,  X
774, 781.9, 124800, 53940, 6529, 4347, 3088, 2999, 2217, 332, 26, 48, NA, 198252,  X
775, 782.9, 1182792, 22111, 1471, 4079, 2598, 3015, 690, 190, 35, 38, NA, 1216946,  X
776, 783.9, 565148, 58757, 6031, 6160, 3449, 4491, 2052, 946, 29, 27, NA, 647034,  X
777, 784.9, 222708, 47322, 24744, 2364, 8097, 8881, 5837, 2934, 35, 27, NA, 322887,  X
778, 785.9, 110736, 94050, 8537, 11324, 16986, 18984, 5887, 1553, 50, 26, NA, 268057,  X
779, 786.9, 44770, 9054, 1773, 1073, 2048, 3336, 1006, 632, 60, 26, NA, 63692,  X
780, 787.9, 1936762, 69447, 50183, 11717, 14862, 9919, 7931, 1634, 61, 41, NA, 2102455,  X
781, 788.9, 24617, 5225, 9457, 601, 1454, 4165, 1936, 700, 70, 50, NA, 48155,  X
782, 789.9, 17047, 12213, 4864, 2259, 1505, 3435, 996, 569, 70, 60, NA, 42888,  X
783, 790.9, 3913, 2534, 4874, 2316, 877, 2221, 1055, 424, 67, 80, NA, 18214,  X
784, 791.9, 2805, 2906, 196, 1866, 3510, 2192, 676, 447, 88, 69, NA, 14598,  X
785, 792.9, 4472, 750, 3554, 1196, 1589, 1058, 720, 570, 84, 74, NA, 13909,  X
786, 793.9, 6647, 6482, 12558, 802, 1012, 820, 1260, 515, 69, 88, NA, 30096,  X
787, 794.9, 4572, 11651, 10180, 6142, 4026, 1361, 834, 925, 53, 84, NA, 39691,  X
788, 796.0, 66935, 26305, 762, 622, 2360, 1660, 1367, 768, 30, 66, NA, 100779,  X
789, 796.9, 12971, 11080, 3323, 1152, 1856, 2945, 1415, 374, 29, 51, NA, 35116,  X
790, 797.9, 4334, 3618, 765, 1268, 945, 1441, 1122, 571, 48, 37, NA, 14064,  X
791, 798.9, 3277, 1583, 1812, 2386, 902, 893, 1139, 509, 60, 41, NA, 12501,  X
792, 799.9, 22542, 38788, 32606, 22561, 7032, 12183, 3148, 1348, 67, 74, NA, 140208,  X
793, 800.9, 11896, 18043, 2171, 3614, 1432, 3829, 871, 529, 66, 70, NA, 42385,  X
794, 801.9, 121937, 33977, 8358, 931, 2026, 1734, 1348, 729, 48, 67, NA, 171040,  X
795, 802.9, 18632, 10004, 1355, 3238, 9528, 3619, 3026, 971, 53, 48, NA, 50373,  X
796, 803.9, 16290, 9843, 12374, 4026, 3295, 1843, 848, 863, 48, 51, NA, 49382,  X
797, 804.9, 15404, 4636, 3337, 1197, 2947, 1454, 1580, 442, 48, 57, NA, 30997,  X
798, 805.9, 42771, 13115, 4667, 5350, 5158, 1732, 2411, 656, 54, 64, NA, 75860,  X
799, 806.9, 4504, 9352, 1654, 1158, 1681, 1868, 1904, 1173, 50, 66, NA, 23294,  X
800, 807.9, 2772, 7921, 3355, 1528, 1071, 2533, 3014, 285, 60, 54, NA, 22479,  X
801, 808.9, 22288, 17048, 5217, 3313, 1401, 1888, 3293, 1055, 51, 54, NA, 55503,  X
802, 809.9, 76019, 29720, 1388, 2436, 1413, 2384, 2684, 369, 51, 38, NA, 116413,  X
803, 810.9, 5974, 6214, 6766, 2114, 2176, 3228, 2095, 792, 54, 51, NA, 29359,  X
804, 811.9, 256456, 70506, 28677, 26016, 13189, 9703, 4991, 2081, 44, 54, NA, 411619,  X
805, 812.9, 20670, 45232, 1514, 3031, 4092, 2411, 2921, 814, 40, 38, NA, 80685,  X
806, 814.0, 867464, 110715, 34363, 16144, 14743, 12351, 7951, 2488, 41, 51, NA, 1066219,  X
807, 814.9, 12830, 15895, 2200, 2763, 1909, 2069, 707, 734, 35, 40, NA, 39107,  X
808, 815.9, 10194, 6185, 5805, 2595, 2732, 1525, 914, 692, 37, 43, NA, 30642,  X
809, 816.9, 25539, 20643, 2351, 12396, 6904, 9191, 7694, 2764, 53, 60, NA, 87482,  X
810, 817.9, 21425, 7921, 2051, 3647, 1240, 3024, 2612, 710, 63, 63, NA, 42630,  X
811, 818.9, 11147, 2085, 20346, 2822, 2061, 2553, 1708, 436, 63, 87, NA, 43158,  X
812, 819.9, 13546, 5418, 2781, 2875, 4749, 1250, 1958, 718, 64, 80, NA, 33295,  X
813, 820.9, 14157, 7580, 3866, 2380, 1512, 1817, 949, 976, 57, 81, NA, 33237,  X
814, 821.9, 40927, 16821, 1003, 1357, 1804, 1950, 1449, 993, 51, 64, NA, 66304,  X
815, 822.9, 16831, 10684, 616, 2605, 3097, 3024, 2256, 1665, 60, 37, NA, 40778,  X
816, 823.9, 21461, 7315, 3667, 1153, 3584, 1885, 3536, 450, 63, 35, NA, 43051,  X
817, 824.9, 23563, 5451, 6822, 1546, 2779, 2005, 790, 196, 63, 38, NA, 43152,  X
818, 825.9, 19262, 16140, 4258, 5499, 4101, 2183, 1612, 406, 61, 51, NA, 53461,  X
819, 826.9, 21803, 4614, 174, 1000, 1443, 1764, 2509, 1114, 64, 50, NA, 34421,  X
820, 827.9, 805278, 66584, 21879, 11001, 39373, 11498, 2475, 1222, 61, 48, NA, 959310,  X
821, 828.9, 875713, 74894, 24124, 20153, 8892, 14870, 5793, 2016, 57, 40, NA, 1026455,  X
822, 829.9, 515208, 22248, 18072, 7885, 3986, 3697, 2459, 2585, 56, 47, NA, 576140,  X
823, 830.9, 613956, 130491, 3695, 3622, 9170, 6705, 4584, 2154, 37, 37, NA, 774377,  X
824, 831.9, 62664, 42765, 4965, 1465, 1752, 1029, 582, 738, 20, 27, NA, 115960,  X
825, 833.9, 689205, 51144, 822, 2374, 12299, 6058, 2424, 679, 17, 7, NA, 765005,  X
826, 834.9, 669333, 25589, 4006, 5979, 6064, 3205, 578, 468, 17, 1, NA, 715222,  X
827, 835.9, 1089867, 233669, 42550, 12631, 16922, 14762, 4245, 1817, 20, 8, NA, 1416463,  X
828, 836.9, 417301, 99730, 3820, 3313, 4826, 2105, 837, 254, 17, 1, NA, 532186,  X
829, 837.9, 2018981, 221771, 10613, 9777, 23736, 24377, 7624, 1818, 17, 4, NA, 2318697,  X
830, 839.0, 295307, 35878, 37795, 12393, 21559, 25516, 8963, 2222, 29, 13, NA, 439633,  X
831, 839.9, 166479, 40891, 6512, 2454, 8389, 1936, 3748, 1170, 26, 11, NA, 231579,  X
832, 840.9, 26053, 15650, 10249, 4949, 3061, 1503, 928, 1357, 35, 37, NA, 63750,  X
833, 841.9, 78573, 20162, 486, 3892, 18076, 6967, 6645, 2073, 47, 40, NA, 136874,  X
834, 842.9, 1231421, 105580, 12245, 4355, 7421, 14800, 6956, 3575, 38, 24, NA, 1386353,  X
835, 843.9, 14678, 11907, 3750, 3506, 2043, 4605, 2046, 641, 56, 34, NA, 43176,  X
836, 844.9, 50210, 63658, 7851, 10405, 18345, 11363, 9088, 3281, 69, 20, NA, 174201,  X
837, 845.9, 3368, 2466, 267, 2000, 1457, 1275, 1377, 551, 67, 34, NA, 12761,  X
838, 846.9, 101958, 36422, 11120, 9696, 5940, 9306, 3891, 1523, 70, 44, NA, 179856,  X
839, 847.9, 1210389, 352639, 3273, 48675, 31274, 22593, 8217, 2436, 56, 34, NA, 1679496,  X
840, 848.9, 38867, 10077, 2141, 1741, 825, 730, 1209, 317, 44, 40, NA, 55907,  X
841, 849.9, 385317, 69019, 18048, 9766, 8964, 6892, 2768, 3257, 34, 37, NA, 504031,  X
842, 850.9, 889861, 228790, 71168, 162606, 68266, 39675, 7631, 5877, 24, 41, NA, 1473874,  X
843, 851.9, 222101, 10573, 1565, 4866, 2046, 1185, 1199, 445, 26, 54, NA, 243980,  X
844, 852.9, 786880, 460240, 83251, 32824, 91554, 11820, 9311, 4416, 16, 50, NA, 1480296,  X
845, 853.9, 11852, 22038, 9537, 8470, 3281, 3900, 1745, 582, 20, 54, NA, 61405,  X
846, 854.9, 9758, 5011, 2919, 2885, 2184, 2245, 1714, 780, 29, 53, NA, 27496,  X
847, 855.9, 45257, 5821, 2490, 2745, 3926, 5340, 2389, 1125, 51, 51, NA, 69093,  X
848, 857.0, 69488, 27609, 11219, 2359, 3376, 4897, 2840, 1459, 69, 56, NA, 123247,  X
849, 857.9, 34526, 2246, 2445, 1683, 578, 1154, 1877, 460, 77, 63, NA, 44969,  X
850, 858.9, 92478, 16163, 1329, 4813, 2822, 1917, 1761, 1325, 66, 54, NA, 122608,  X
851, 859.9, 3374, 1321, 1579, 1243, 2397, 2074, 1351, 1595, 66, 57, NA, 14934,  X
852, 860.9, 5958, 9838, 1320, 3510, 1894, 2822, 1134, 810, 70, 56, NA, 27286,  X
853, 861.9, 4957, 5829, 1159, 6040, 1741, 3492, 1482, 656, 75, 53, NA, 25356,  X
854, 862.9, 27263, 18139, 2079, 2301, 2606, 827, 2730, 2478, 66, 50, NA, 58423,  X
855, 863.9, 795578, 20833, 39704, 19500, 6000, 11777, 3843, 4122, 53, 61, NA, 901357,  X
856, 864.9, 22259, 4878, 2668, 2161, 3498, 2788, 2074, 1551, 56, 64, NA, 41877,  X
857, 865.9, 4730, 10836, 2084, 720, 1123, 2203, 1394, 763, 51, 51, NA, 23853,  X
858, 866.9, 7852, 2764, 3931, 6126, 4142, 2668, 1012, 470, 69, 66, NA, 28965,  X
859, 867.9, 19641, 10668, 4100, 3439, 2297, 2348, 1117, 630, 69, 56, NA, 44240,  X
860, 868.9, 7884, 2271, 811, 3346, 3252, 3080, 1542, 509, 75, 56, NA, 22695,  X
861, 869.9, 75522, 12889, 835, 2741, 3401, 2909, 1182, 1094, 75, 56, NA, 100573,  X
862, 870.9, 112545, 19294, 1778, 4595, 2669, 1640, 1071, 1010, 63, 43, NA, 144602,  X
863, 871.9, 54041, 10776, 3919, 2200, 1329, 2724, 1903, 1617, 63, 41, NA, 78509,  X
864, 872.9, 2180, 9377, 515, 1917, 883, 2868, 1993, 1237, 56, 30, NA, 20970,  X
865, 873.9, 53354, 78570, 11033, 10582, 8258, 13442, 7476, 3975, 54, 34, NA, 186690,  X
866, 874.9, 77704, 23514, 6089, 9741, 3997, 3393, 2671, 748, 57, 40, NA, 127857,  X
867, 875.9, 4859, 6125, 4570, 5234, 4625, 3099, 1193, 588, 61, 44, NA, 30293,  X
868, 876.9, 8437, 1684, 1013, 2557, 2693, 4299, 1207, 1764, 75, 51, NA, 23654,  X
869, 877.9, 3072, 8100, 893, 5551, 1807, 3482, 3036, 418, 80, 60, NA, 26359,  X
870, 878.9, 5012, 7179, 218, 4069, 2348, 1950, 694, 414, 87, 56, NA, 21884,  X
871, 879.9, 2249, 5797, 1999, 704, 733, 1373, 3045, 1096, 83, 50, NA, 16996,  X
872, 880.9, 38295, 6922, 7026, 2426, 3071, 2751, 1103, 840, 66, 56, NA, 62434,  X
873, 881.9, 19493, 8224, 4563, 3875, 6501, 1756, 800, 514, 56, 56, NA, 45726,  X
874, 882.9, 120594, 18189, 3102, 2758, 4860, 2794, 2522, 828, 53, 51, NA, 155647,  X
875, 883.9, 6878, 11736, 3090, 2869, 1779, 2813, 1296, 1740, 53, 53, NA, 32201,  X
876, 884.9, 6783, 5271, 3037, 9462, 1263, 2743, 1943, 841, 51, 57, NA, 31343,  X
877, 885.9, 241260, 5646, 1867, 7678, 1821, 2979, 2069, 729, 60, 63, NA, 264049,  X
878, 886.9, 6799, 11438, 1462, 1129, 2681, 3065, 3026, 1243, 66, 60, NA, 30843,  X
879, 887.9, 3569, 2985, 2867, 4823, 3902, 1315, 1929, 1472, 64, 67, NA, 22862,  X
880, 888.9, 4356, 3868, 389, 3191, 1959, 1828, 3069, 604, 69, 57, NA, 19264,  X
881, 889.9, 8140, 9619, 567, 9585, 5788, 3273, 2516, 995, 67, 53, NA, 40483,  X
882, 890.9, 62565, 10612, 9944, 8835, 3797, 3008, 1933, 830, 60, 70, NA, 101524,  X
883, 891.9, 1023747, 211613, 5672, 13106, 5296, 9308, 7086, 2469, 47, 50, NA, 1278297,  X
884, 892.9, 755745, 73757, 1198, 19652, 4759, 10149, 7268, 2787, 38, 43, NA, 875315,  X
885, 893.9, 182143, 53382, 21853, 13134, 18658, 8587, 5704, 5700, 34, 43, NA, 309161,  X
886, 894.9, 90294, 23572, 9733, 3930, 5812, 7411, 5835, 1607, 41, 34, NA, 148194,  X
887, 895.9, 691492, 234172, 34430, 19344, 22430, 10697, 6487, 8889, 40, 40, NA, 1027941,  X
888, 896.9, 2380485, 17932, 6931, 10343, 5572, 6411, 8430, 1450, 44, 48, NA, 2437554,  X
889, 897.9, 122414, 2829, 186, 101, 710, 400, 166, 203, 48, 29, NA, 127009,  X
890, 898.9, 197545, 70382, 20735, 8267, 2807, 3851, 1645, 1321, 30, 29, NA, 306553,  X
891, 900.0, 155477, 13614, 63, 17721, 7397, 15989, 6967, 1831, 57, 38, NA, 219059,  X
892, 900.9, 22304, 15342, 4821, 31643, 9111, 11339, 2711, 3892, 61, 43, NA, 101163,  X
893, 901.9, 2827, 19601, 1616, 1307, 2303, 3815, 1002, 1070, 64, 48, NA, 33541,  X
894, 902.9, 181317, 94743, 59926, 29826, 7915, 9796, 8631, 5603, 66, 54, NA, 397757,  X
895, 903.9, 1252406, 605661, 5705, 21560, 13059, 48386, 8972, 4702, 48, 34, NA, 1960451,  X
896, 904.9, 208571, 13861, 2852, 9298, 2523, 5462, 1760, 611, 47, 27, NA, 244938,  X
897, 905.9, 1098373, 26335, 17486, 3591, 2958, 2282, 1680, 704, 34, 44, NA, 1153409,  X
898, 907.9, 552720, 121192, 44113, 93523, 17722, 79107, 14534, 13385, 51, 44, NA, 936296,  X
899, 908.9, 503097, 243366, 144976, 37153, 68362, 38986, 6594, 4228, 53, 69, NA, 1046762,  X
900, 909.9, 1138257, 134055, 5418, 3678, 10856, 3718, 1928, 1564, 30, 48, NA, 1299474,  X
901, 910.9, 65491, 27138, 9283, 6059, 1913, 2672, 3308, 2164, 35, 44, NA, 118028,  X
902, 911.9, 667381, 201534, 2112, 8682, 11752, 5368, 3088, 1764, 10, 20, NA, 901681,  X
903, 913.9, 172330, 5112, 4762, 2079, 878, 875, 470, 350, 7, 24, NA, 186856,  X
904, 914.9, 891925, 9877, 4210, 3462, 2725, 2088, 999, 402, 23, 47, NA, 915688,  X
905, 915.9, 918747, 557131, 186847, 55712, 73112, 22741, 10595, 14442, 14, 44, NA, 1839327,  X
906, 916.9, 1508809, 170916, 38823, 24098, 38459, 19028, 15650, 6005, 26, 61, NA, 1821788,  X
907, 917.9, 59827, 7054, 1686, 3123, 3295, 655, 1016, 236, 24, 54, NA, 76892,  X
908, 918.9, 187373, 37013, 23376, 6683, 12223, 26796, 6512, 5098, 37, 51, NA, 305074,  X
909, 919.9, 110583, 26126, 9124, 13338, 3415, 5385, 2213, 866, 50, 56, NA, 171050,  X
910, 920.9, 153129, 7548, 6301, 4334, 1246, 3558, 1030, 834, 60, 66, NA, 177980,  X
911, 921.9, 33307, 8561, 1827, 3229, 1114, 4161, 1330, 790, 78, 63, NA, 54319,  X
912, 922.9, 207195, 56660, 14819, 13132, 12807, 8162, 4159, 1518, 63, 63, NA, 318452,  X
913, 923.9, 42733, 12663, 2543, 6737, 3641, 836, 471, 837, 51, 61, NA, 70461,  X
914, 925.0, 14312, 2230, 1040, 1230, 2170, 1110, 1196, 345, 54, 54, NA, 23633,  X
915, 925.9, 21992, 4905, 3747, 1798, 1880, 2376, 684, 629, 51, 60, NA, 38011,  X
916, 926.9, 1286891, 26401, 22807, 10763, 5045, 4653, 2387, 986, 50, 69, NA, 1359933,  X
917, 927.9, 101620, 52079, 22549, 5642, 7760, 6703, 9331, 2580, 57, 66, NA, 208264,  X
918, 928.9, 125529, 8545, 4707, 3211, 3004, 3164, 800, 998, 53, 69, NA, 149958,  X
919, 929.9, 24570, 26937, 3390, 5165, 1738, 1553, 899, 1080, 37, 63, NA, 65332,  X
920, 930.9, 1628033, 427556, 64358, 14617, 25275, 28439, 8290, 2982, 30, 44, NA, 2199550,  X
921, 932.0, 1021044, 25559, 2242, 2407, 1085, 1261, 898, 384, 23, 38, NA, 1054880,  X
922, 932.9, 385558, 104691, 18100, 9500, 8753, 4562, 2165, 1327, 7, 29, NA, 534656,  X
923, 933.9, 189052, 11479, 6878, 5751, 7913, 3286, 3968, 1570, 17, 35, NA, 229897,  X
924, 934.9, 144898, 70805, 12140, 22136, 28349, 9393, 9534, 4308, 23, 41, NA, 301563,  X
925, 935.9, 1524851, 66058, 15051, 2836, 19049, 15341, 5693, 1570, 40, 41, NA, 1650449,  X
926, 936.9, 723595, 173461, 71057, 19732, 17430, 9992, 6288, 4078, 40, 48, NA, 1025633,  X
927, 937.9, 180962, 70614, 843, 29123, 11078, 10808, 4711, 6158, 37, 43, NA, 314297,  X
928, 938.9, 82710, 10754, 7676, 6566, 4202, 2188, 1479, 216, 37, 51, NA, 115791,  X
929, 939.9, 9464, 9402, 1701, 3413, 1576, 1969, 1442, 665, 34, 60, NA, 29632,  X
930, 940.9, 56266, 8130, 13870, 9790, 3383, 2407, 713, 570, 41, 70, NA, 95129,  X
931, 941.9, 176115, 15029, 915, 1050, 376, 1701, 693, 421, 41, 61, NA, 196300,  X
932, 942.9, 162105, 70614, 12850, 18376, 10359, 8819, 9693, 6492, 41, 54, NA, 299308,  X
933, 943.9, 98558, 117409, 12977, 21937, 13326, 9191, 5027, 4806, 30, 51, NA, 283231,  X
934, 944.9, 172813, 9180, 21220, 5305, 4110, 1438, 1680, 1015, 24, 51, NA, 216761,  X
935, 945.9, 2666458, 277190, 80406, 107002, 59657, 17831, 5715, 1731, 14, 66, NA, 3215990,  X
936, 946.9, 189418, 44062, 32872, 2205, 9266, 2536, 2429, 1470, 4, 70, NA, 284258,  X
937, 947.9, 217597, 70912, 87116, 30427, 15629, 19948, 4508, 5102, 11, 87, NA, 451239,  X
938, 948.9, 5867, 6649, 7314, 2162, 2451, 3016, 932, 237, 26, 80, NA, 28628,  X
939, 949.9, 21582, 10254, 3096, 1062, 1869, 2753, 591, 441, 43, 74, NA, 41648,  X
940, 950.9, 44161, 11478, 11100, 7988, 9443, 13363, 6515, 7518, 69, 70, NA, 111566,  X
941, 951.9, 20862, 5424, 6036, 3800, 7209, 3163, 1082, 490, 78, 64, NA, 48066,  X
942, 952.9, 18939, 3227, 3982, 984, 4198, 2994, 950, 537, 84, 60, NA, 35811,  X
943, 953.9, 22897, 22636, 15768, 22320, 3369, 9610, 2202, 2752, 83, 70, NA, 101554,  X
944, 954.9, 16392, 17198, 2697, 2996, 3818, 1636, 1816, 856, 63, 64, NA, 47409,  X
945, 955.9, 13011, 8642, 727, 1589, 1883, 2588, 1795, 342, 64, 53, NA, 30577,  X
946, 956.9, 363582, 18868, 5520, 15836, 7863, 15443, 5028, 2844, 67, 54, NA, 434984,  X
947, 957.9, 4023, 12183, 3365, 7423, 3013, 2291, 1707, 519, 63, 48, NA, 34524,  X
948, 958.9, 22978, 4709, 1847, 4685, 1876, 2900, 1027, 378, 77, 57, NA, 40400,  X
949, 959.9, 7663, 5413, 5600, 9987, 1632, 1465, 1674, 406, 63, 80, NA, 33840,  X
950, 961.0, 5312, 1744, 3431, 704, 1743, 1780, 1237, 603, 60, 84, NA, 16554,  X
951, 961.9, 23785, 8511, 11859, 1918, 1612, 751, 976, 328, 48, 91, NA, 49740,  X
952, 962.9, 15457, 8826, 2846, 3499, 4548, 3006, 1047, 554, 44, 87, NA, 39783,  X
953, 963.9, 15120, 4203, 1894, 2901, 1716, 1470, 564, 260, 54, 77, NA, 28128,  X
954, 964.9, 3538, 6717, 3043, 2059, 830, 1299, 871, 960, 44, 74, NA, 19317,  X
955, 965.9, 14587, 12749, 1437, 1253, 3791, 1064, 644, 600, 51, 51, NA, 36125,  X
956, 966.9, 6295, 6671, 2010, 2643, 1166, 1418, 3273, 1133, 48, 54, NA, 24609,  X
957, 967.9, 13073, 3445, 1770, 1101, 1830, 1855, 671, 636, 53, 50, NA, 24381,  X
958, 968.9, 24124, 8302, 3534, 3626, 1988, 1485, 1653, 362, 51, 51, NA, 45074,  X
959, 969.9, 8700, 2582, 13865, 2636, 3101, 1906, 2586, 402, 54, 78, NA, 35778,  X
960, 970.9, 74868, 20767, 5899, 6534, 4880, 1854, 1356, 310, 44, 77, NA, 116468,  X
961, 971.9, 389363, 65041, 8063, 47965, 21969, 7185, 4576, 3541, 29, 80, NA, 547703,  X
962, 972.9, 1085110, 44203, 26231, 80270, 21496, 17739, 9683, 3672, 30, 88, NA, 1288404,  X
963, 973.9, 209811, 19891, 6427, 5545, 5081, 3288, 3059, 1277, 30, 70, NA, 254379,  X
964, 974.9, 50647, 33861, 11757, 2950, 5161, 1952, 856, 169, 29, 67, NA, 107353,  X
965, 975.9, 440573, 73655, 8080, 14511, 8041, 10615, 3982, 1695, 37, 60, NA, 561152,  X
966, 976.9, 3368, 27339, 629, 2214, 3557, 4431, 975, 837, 40, 34, NA, 43350,  X
967, 977.9, 17302, 2716, 5664, 4298, 4505, 3241, 803, 1283, 50, 41, NA, 39812,  X
968, 978.9, 12350, 11793, 3596, 1786, 7795, 2769, 797, 809, 61, 38, NA, 41695,  X
969, 979.9, 5558, 2132, 1226, 5065, 785, 5325, 1014, 834, 80, 48, NA, 21939,  X
970, 980.9, 89842, 20854, 5581, 29930, 16650, 9414, 4851, 4786, 81, 69, NA, 181908,  X
971, 981.9, 23351, 14947, 5178, 3396, 1468, 2055, 1037, 784, 70, 63, NA, 52216,  X
972, 982.9, 15452, 6116, 2526, 1654, 1612, 1814, 2187, 610, 74, 67, NA, 31971,  X
973, 983.9, 30428, 4237, 3242, 4486, 1940, 2841, 2086, 359, 63, 70, NA, 49619,  X
974, 984.9, 481667, 70704, 17325, 26808, 50729, 4833, 7049, 3709, 48, 63, NA, 662824,  X
975, 986.0, 129438, 14232, 23406, 15496, 10005, 18994, 5709, 3926, 63, 69, NA, 221206,  X
976, 986.9, 1114332, 138515, 59029, 21004, 25510, 17953, 6527, 2544, 54, 67, NA, 1385414,  X
977, 987.9, 110034, 24476, 7620, 4639, 5014, 2266, 1812, 645, 40, 60, NA, 156506,  X
978, 988.9, 1192939, 165883, 12802, 45569, 32712, 9526, 4481, 2205, 41, 57, NA, 1466117,  X
979, 989.9, 119587, 10992, 4826, 3002, 1101, 2063, 718, 164, 27, 54, NA, 142453,  X
980, 990.9, 87193, 23763, 2433, 3126, 987, 478, 396, 341, 11, 48, NA, 118717,  X
981, 991.9, 919577, 227386, 127830, 25474, 10614, 10837, 2060, 1917, 3, 53, NA, 1325695,  X
982, 992.9, 323098, 59161, 9038, 9348, 6151, 4934, 2261, 1198, 7, 51, NA, 415189,  X
983, 993.9, 100608, 32214, 38416, 4548, 1079, 3924, 1206, 384, 1, 56, NA, 182379,  X
984, 994.9, 29887, 20688, 2061, 1670, 3120, 2504, 1324, 771, 17, 53, NA, 62025,  X
985, 995.9, 291276, 81766, 4644, 7950, 3402, 2146, 1354, 576, 16, 40, NA, 393114,  X
986, 996.9, 235901, 124720, 30370, 18053, 16303, 9364, 13635, 6241, 14, 41, NA, 454587,  X
987, 997.9, 22681, 2379, 4349, 604, 2688, 4127, 807, 291, 41, 35, NA, 37926,  X
988, 998.9, 92285, 61597, 9983, 5642, 4797, 3745, 5588, 3767, 34, 40, NA, 187404,  X
989, 999.9, 1787622, 132330, 79946, 215851, 27824, 26196, 29087, 9544, 41, 63, NA, 2308400,  X
990, 1000.9, 80937, 5600, 159, 130, 254, 189, 271, 110, 37, 47, NA, 87650,  X
991, 1001.9, 571518, 39978, 12930, 4164, 3908, 6459, 3216, 780, 17, 41, NA, 642953,  X
992, 1002.9, 140190, 21805, 2004, 2961, 1395, 3250, 2001, 318, 27, 40, NA, 173924,  X
993, 1003.9, 1298757, 59493, 34727, 22865, 19144, 35999, 9170, 3320, 44, 29, NA, 1483475,  X
994, 1004.9, 631538, 57547, 24975, 14460, 19862, 6105, 4311, 778, 51, 50, NA, 759576,  X
995, 1005.9, 2634283, 69409, 54042, 31404, 17262, 19690, 7369, 2547, 53, 57, NA, 2836006,  X
996, 1007.9, 350450, 249032, 41111, 16074, 20870, 15487, 5177, 1752, 44, 57, NA, 699953,  X
997, 1008.9, 145509, 11627, 3810, 844, 1210, 2360, 552, 150, 38, 53, NA, 166062,  X
998, 1009.9, 117263, 68387, 6064, 7780, 2482, 2637, 4825, 1115, 29, 44, NA, 210553,  X
999, 1010.9, 77392, 22872, 18130, 4818, 4849, 21468, 8462, 3838, 43, 40, NA, 161829,  X
1000, 1011.9, 160926, 26098, 785, 3745, 2186, 1554, 1020, 970, 43, 37, NA, 197284,  X
1001, 1012.9, 41632, 3519, 8045, 3117, 2193, 4723, 1610, 652, 51, 48, NA, 65491,  X
1002, 1013.9, 91829, 4253, 638, 4073, 2404, 2170, 1338, 805, 74, 57, NA, 107510,  X
1003, 1014.9, 2146249, 138363, 21760, 20604, 24617, 12910, 9721, 3494, 53, 51, NA, 2377718,  X
1004, 1015.9, 316369, 131448, 5450, 10537, 23077, 8902, 5172, 4144, 54, 48, NA, 505099,  X
1005, 1016.9, 965940, 122684, 9322, 2209, 5357, 1423, 5240, 850, 23, 24, NA, 1113025,  X
1006, 1017.9, 179515, 14130, 4591, 4262, 10625, 4093, 2551, 2084, 23, 20, NA, 221851,  X
1007, 1018.9, 958260, 117748, 26778, 6480, 8774, 7804, 5556, 4617, 23, 20, NA, 1136017,  X
1008, 1019.9, 550761, 26738, 5802, 1837, 6073, 2951, 1695, 199, 29, 26, NA, 596056,  X
1009, 1020.9, 103227, 11718, 2185, 5220, 4313, 1438, 3350, 825, 48, 41, NA, 132276,  X
1010, 1021.9, 2261519, 67602, 116017, 8685, 16594, 11264, 11772, 2680, 38, 56, NA, 2496133,  X
1011, 1022.9, 134356, 73848, 9654, 11106, 4198, 2335, 1461, 2278, 30, 56, NA, 239236,  X
1012, 1023.9, 85359, 7368, 5569, 2387, 4358, 1889, 2503, 2259, 37, 66, NA, 111692,  X
1013, 1024.9, 34863, 18560, 14000, 11133, 9891, 10016, 7671, 2412, 47, 70, NA, 108546,  X
1014, 1025.9, 123855, 14648, 2857, 3274, 3638, 3165, 2193, 1518, 54, 54, NA, 155148,  X
1015, 1026.9, 46784, 57868, 6614, 2821, 3163, 3649, 3606, 1485, 61, 50, NA, 125990,  X
1016, 1027.9, 3999, 3411, 3721, 1917, 1722, 3495, 1392, 754, 74, 50, NA, 20411,  X
1017, 1028.9, 747926, 141552, 10283, 34455, 2134, 10618, 6291, 1638, 60, 41, NA, 954897,  X
1018, 1029.9, 80693, 37402, 17240, 2273, 4311, 8487, 4247, 1269, 60, 44, NA, 155922,  X
1019, 1030.9, 325603, 20953, 1526, 2980, 6558, 1139, 1142, 486, 57, 47, NA, 360387,  X
1020, 1031.9, 67497, 18862, 11847, 7769, 3093, 1669, 1371, 518, 38, 48, NA, 112626,  X
1021, 1032.9, 72736, 2151, 4572, 13163, 5754, 8305, 7528, 5738, 57, 61, NA, 119947,  X
1022, 1033.9, 2866, 3650, 993, 711, 1642, 1472, 1182, 718, 63, 57, NA, 13234,  X
1023, 1034.9, 9763, 3345, 1364, 659, 1651, 3284, 890, 1934, 88, 61, NA, 22890,  X
1024, 1035.9, 3001, 2788, 1349, 2282, 1120, 2665, 1098, 666, 100, 57, NA, 14969,  X
1025, 1036.9, 909, 5832, 2451, 2080, 1076, 1494, 2254, 1739, 97, 50, NA, 17835,  X
1026, 1037.9, 12261, 5596, 604, 6167, 2162, 1685, 1634, 981, 91, 60, NA, 31090,  X
1027, 1038.9, 76190, 33056, 8627, 13997, 4917, 7054, 1649, 907, 77, 67, NA, 146397,  X
1028, 1039.9, 616719, 96621, 13511, 20437, 28011, 11449, 5830, 8257, 61, 60, NA, 800835,  X
1029, 1040.9, 56904, 8293, 4551, 2059, 3842, 2660, 2689, 514, 63, 57, NA, 81512,  X
1030, 1041.9, 354461, 92542, 17982, 15411, 8770, 15952, 6011, 3124, 63, 50, NA, 514253,  X
1031, 1042.9, 196981, 187362, 38395, 7046, 6852, 13784, 5376, 5954, 54, 41, NA, 461750,  X
1032, 1043.9, 2039786, 155357, 12399, 13569, 15414, 9474, 2547, 2812, 50, 37, NA, 2251358,  X
1033, 1044.9, 75322, 10666, 6778, 1975, 3942, 1663, 1365, 550, 43, 38, NA, 102261,  X
1034, 1046.9, 947262, 45327, 4961, 13078, 4828, 9417, 5429, 3867, 44, 38, NA, 1034169,  X
1035, 1048.9, 266344, 141331, 51444, 82862, 71434, 17736, 8080, 1730, 44, 48, NA, 640961,  X
1036, 1049.9, 42301, 10298, 5248, 866, 1976, 1777, 512, 217, 51, 57, NA, 63195,  X
1037, 1050.9, 341449, 58679, 5328, 1718, 3976, 2180, 1242, 248, 41, 43, NA, 414820,  X
1038, 1051.9, 629674, 675386, 81697, 70423, 41295, 30128, 7037, 3198, 27, 40, NA, 1538838,  X
1039, 1052.9, 899208, 37363, 29233, 3971, 8138, 9699, 1302, 1374, 37, 40, NA, 990288,  X
1040, 1053.9, 103087, 61959, 2989, 12616, 4122, 4749, 2504, 667, 30, 35, NA, 192693,  X
1041, 1054.9, 258881, 22221, 1170, 1766, 1330, 1081, 467, 170, 35, 35, NA, 287086,  X
1042, 1055.9, 430089, 23324, 7686, 1916, 2463, 5172, 1183, 1039, 48, 38, NA, 472872,  X
1043, 1056.9, 164243, 92886, 1041, 3902, 14580, 13816, 2900, 1077, 50, 11, NA, 294445,  X
1044, 1057.9, 1409632, 164960, 52998, 9079, 23400, 25593, 3676, 2333, 54, 14, NA, 1691671,  X
1045, 1058.9, 361138, 45962, 2110, 10434, 5833, 7081, 1747, 1288, 64, 20, NA, 435593,  X
1046, 1059.9, 1578663, 663598, 66653, 99804, 40636, 22549, 9742, 4003, 48, 17, NA, 2485648,  X
1047, 1060.9, 1290431, 80836, 32560, 33032, 9961, 13355, 6017, 5667, 44, 44, NA, 1471859,  X
1048, 1061.9, 1675840, 76170, 6844, 39089, 15810, 12186, 2683, 3554, 43, 50, NA, 1832176,  X
1049, 1062.9, 2512946, 173514, 133776, 106880, 35658, 18567, 5899, 1894, 35, 64, NA, 2989134,  X
1050, 1063.9, 484224, 78534, 13503, 11248, 8256, 8998, 6893, 4186, 44, 66, NA, 615842,  X
1051, 1064.9, 424425, 35794, 15259, 2876, 8030, 9446, 7773, 3913, 51, 60, NA, 507516,  X
1052, 1065.9, 122086, 11109, 11143, 5425, 4198, 2022, 2459, 582, 48, 66, NA, 159024,  X
1053, 1066.9, 16180, 6349, 3204, 1189, 2698, 1884, 3888, 1115, 61, 57, NA, 36507,  X
1054, 1067.9, 6305, 1767, 3590, 2107, 2191, 3185, 1387, 1404, 77, 67, NA, 21936,  X
1055, 1068.9, 700854, 105682, 10552, 10250, 5297, 12396, 8169, 1894, 69, 61, NA, 855094,  X
1056, 1069.9, 60486, 34647, 9564, 3488, 2325, 3825, 2966, 861, 70, 51, NA, 118162,  X
1057, 1070.9, 4963, 8269, 1793, 2595, 2228, 1810, 1948, 1063, 69, 50, NA, 24669,  X
1058, 1071.9, 14448, 52514, 3560, 19520, 8528, 9997, 10192, 3915, 57, 40, NA, 122674,  X
1059, 1072.9, 12121, 10013, 2870, 5339, 2673, 1149, 344, 477, 53, 53, NA, 34986,  X
1060, 1073.9, 450596, 71529, 4601, 13778, 7015, 18753, 6724, 3664, 63, 48, NA, 576660,  X
1061, 1074.9, 17015, 5116, 1465, 1309, 2895, 4463, 1584, 445, 77, 43, NA, 34292,  X
1062, 1075.9, 451842, 32425, 15194, 10183, 10722, 5907, 8304, 3853, 74, 48, NA, 538430,  X
1063, 1076.9, 11061, 11780, 2083, 5746, 2347, 2034, 3427, 954, 78, 47, NA, 39432,  X
1064, 1077.9, 5783, 3955, 975, 1437, 1499, 1579, 2130, 1298, 80, 51, NA, 18656,  X
1065, 1078.9, 1942, 6212, 3763, 2673, 2315, 2860, 2751, 1316, 70, 61, NA, 23832,  X
1066, 1079.9, 4910, 11017, 4851, 1927, 1708, 1132, 2072, 1182, 66, 60, NA, 28799,  X
1067, 1080.9, 20241, 3570, 3395, 1005, 1987, 1878, 3040, 1752, 75, 61, NA, 36868,  X
1068, 1081.9, 698859, 18474, 15823, 4007, 5813, 2258, 9320, 2330, 60, 69, NA, 756884,  X
1069, 1082.9, 110815, 17102, 6524, 7612, 4510, 1453, 782, 289, 44, 69, NA, 149087,  X
1070, 1083.9, 233982, 41556, 3259, 838, 2975, 1231, 851, 478, 37, 54, NA, 285170,  X
1071, 1084.9, 102833, 52642, 25228, 10168, 11789, 10824, 15143, 2211, 29, 51, NA, 230838,  X
1072, 1085.9, 512706, 196142, 22005, 17911, 6280, 17337, 12207, 2287, 34, 38, NA, 786875,  X
1073, 1086.9, 1654374, 69244, 6571, 3508, 10659, 9153, 2058, 575, 41, 21, NA, 1756142,  X
1074, 1087.9, 97290, 3973, 874, 514, 879, 541, 176, 80, 54, 30, NA, 104327,  X
1075, 1088.9, 478766, 204468, 2857, 11377, 11830, 11069, 2582, 4589, 47, 11, NA, 727538,  X
1076, 1089.9, 497043, 176285, 16047, 15521, 10266, 15557, 8296, 4903, 47, 11, NA, 743918,  X
1077, 1090.9, 3499, 1137, 2896, 1643, 3200, 1716, 1332, 645, 56, 29, NA, 16068,  X
1078, 1091.9, 6020, 4629, 1296, 2438, 1141, 1423, 3096, 580, 60, 37, NA, 20623,  X
1079, 1092.9, 27100, 3298, 3813, 2102, 568, 2453, 2232, 1850, 77, 61, NA, 43416,  X
1080, 1093.9, 5074, 4424, 891, 3850, 1902, 2159, 3014, 925, 88, 74, NA, 22239,  X
1081, 1094.9, 4186, 1244, 327, 1488, 1718, 2233, 3123, 2395, 96, 66, NA, 16714,  X
1082, 1095.9, 2714, 4645, 2183, 3005, 2120, 1978, 1089, 826, 100, 67, NA, 18560,  X
1083, 1096.9, 179641, 12447, 7438, 7015, 5062, 2954, 934, 284, 90, 66, NA, 215775,  X
1084, 1097.9, 62221, 79706, 18264, 17862, 10618, 18275, 5707, 2437, 84, 61, NA, 215090,  X
1085, 1098.9, 11971, 3782, 1597, 528, 2993, 3130, 2105, 870, 81, 56, NA, 26976,  X
1086, 1099.9, 10809, 10591, 3917, 1740, 5519, 1328, 1760, 522, 74, 51, NA, 36186,  X
1087, 1100.9, 4311, 5060, 63, 2358, 5083, 1806, 2283, 801, 81, 38, NA, 21765,  X
1088, 1101.9, 6043, 5017, 1207, 1085, 1191, 2594, 2263, 2278, 90, 37, NA, 21678,  X
1089, 1102.9, 3642, 4241, 1266, 1073, 1213, 1541, 2157, 583, 81, 40, NA, 15716,  X
1090, 1103.9, 5278, 2946, 373, 3043, 383, 2735, 2701, 600, 97, 47, NA, 18059,  X
1091, 1104.9, 1449, 9069, 866, 1781, 2960, 2812, 3046, 560, 96, 44, NA, 22543,  X
1092, 1105.9, 1814, 3098, 771, 2068, 3513, 1131, 1534, 514, 91, 48, NA, 14443,  X
1093, 1106.9, 12256, 5697, 3431, 5105, 2561, 2143, 3363, 603, 87, 56, NA, 35159,  X
1094, 1107.9, 2032, 1573, 588, 1731, 1603, 3052, 4343, 434, 91, 51, NA, 15356,  X
1095, 1108.9, 1600, 2410, 4446, 1340, 5059, 3601, 3096, 1276, 97, 63, NA, 22828,  X
1096, 1109.9, 6662, 4783, 3214, 2011, 4234, 5182, 3784, 866, 100, 63, NA, 30736,  X
1097, 1110.9, 2224, 14876, 807, 1688, 2483, 2817, 2184, 4021, 100, 44, NA, 31100,  X
1098, 1111.9, 4776, 1427, 1399, 2550, 2509, 3973, 3333, 389, 100, 48, NA, 20356,  X
1099, 1112.9, 4765, 5004, 818, 968, 2131, 2802, 2495, 1104, 100, 37, NA, 20087,  X
1100, 1113.9, 92190, 10050, 4039, 2546, 1379, 2751, 5740, 1094, 94, 38, NA, 119789,  X
1101, 1114.9, 38806, 29089, 494, 794, 3883, 1818, 711, 1174, 87, 27, NA, 76769,  X
1102, 1115.9, 32086, 33305, 5778, 2208, 5501, 1009, 2155, 516, 53, 20, NA, 82558,  X
1103, 1116.9, 78547, 46971, 14055, 35313, 11738, 10559, 2438, 6129, 41, 30, NA, 205750,  X
1104, 1117.9, 1181593, 190648, 94551, 17671, 24823, 13835, 5565, 2592, 29, 34, NA, 1531278,  X
1105, 1118.9, 65003, 59412, 22862, 16917, 6949, 13395, 5889, 3193, 37, 56, NA, 193620,  X
1106, 1119.9, 485048, 69321, 15806, 13684, 13846, 8927, 7439, 3903, 50, 60, NA, 617974,  X
1107, 1120.9, 134474, 20614, 1950, 3205, 3050, 6488, 2600, 440, 56, 48, NA, 172821,  X
1108, 1121.9, 1435, 10922, 4276, 6625, 1679, 2185, 1145, 607, 64, 51, NA, 28874,  X
1109, 1122.9, 12371, 7838, 4454, 2169, 2144, 2159, 3418, 1085, 66, 51, NA, 35638,  X
1110, 1123.9, 605762, 44819, 2095, 16407, 8488, 22613, 19666, 4408, 80, 50, NA, 724258,  X
1111, 1124.9, 17586, 7578, 2707, 2759, 2875, 6002, 2596, 1062, 84, 54, NA, 43165,  X
1112, 1125.9, 23601, 2744, 6432, 4682, 968, 3425, 2066, 626, 93, 61, NA, 44544,  X
1113, 1126.9, 100564, 18498, 2653, 4852, 3331, 1527, 2801, 333, 84, 56, NA, 134559,  X
1114, 1127.9, 12619, 15107, 4736, 3356, 4656, 1688, 1069, 709, 69, 60, NA, 43940,  X
1115, 1129.9, 596400, 84791, 15377, 13603, 2733, 4968, 2950, 641, 47, 61, NA, 721463,  X
1116, 1130.9, 299519, 27263, 6293, 6365, 14789, 3271, 3387, 829, 37, 44, NA, 361716,  X
1117, 1131.9, 51671, 11310, 5786, 7340, 3380, 4079, 4641, 2607, 47, 51, NA, 90814,  X
1118, 1133.0, 869898, 43832, 13460, 32635, 20549, 12030, 2269, 1365, 53, 56, NA, 996038,  X
1119, 1133.9, 283379, 203807, 88206, 20570, 64391, 17355, 12075, 2194, 54, 56, NA, 691977,  X
1120, 1134.9, 1730323, 56372, 41845, 9454, 15153, 5543, 4692, 1233, 50, 64, NA, 1864615,  X
1121, 1135.9, 1315217, 21516, 17598, 10842, 3352, 2850, 1961, 719, 40, 69, NA, 1374055,  X
1122, 1136.9, 591840, 113991, 9133, 19176, 8568, 7676, 9729, 2589, 29, 60, NA, 762702,  X
1123, 1137.9, 25971, 21621, 31638, 22954, 6035, 21335, 6906, 4772, 44, 69, NA, 141232,  X
1124, 1138.9, 29283, 5140, 3090, 3823, 4517, 2480, 2910, 874, 60, 69, NA, 52117,  X
1125, 1140.0, 1131101, 159848, 26863, 33234, 26823, 9991, 14804, 9015, 56, 57, NA, 1411679,  X
1126, 1140.9, 710989, 75143, 34750, 21134, 11586, 6790, 5754, 2416, 56, 67, NA, 868562,  X
1127, 1141.9, 319118, 31692, 15884, 22190, 2926, 21937, 6658, 13713, 57, 63, NA, 434118,  X
1128, 1142.9, 39494, 9240, 1727, 7790, 5788, 9372, 13278, 4217, 66, 60, NA, 90906,  X
1129, 1143.9, 176330, 10468, 7487, 3637, 1794, 13384, 6462, 1679, 91, 63, NA, 221241,  X
1130, 1144.9, 1709, 2718, 646, 3042, 2435, 5558, 6012, 1272, 100, 57, NA, 23392,  X
1131, 1145.9, 46311, 62260, 39852, 28639, 7089, 14870, 9774, 10824, 100, 60, NA, 219619,  X
1132, 1146.9, 13308, 4148, 9288, 2803, 2630, 7166, 3247, 2211, 100, 66, NA, 44801,  X
1133, 1147.9, 11792, 4707, 1552, 6149, 3720, 4378, 6076, 1705, 100, 69, NA, 40079,  X
1134, 1148.9, 2472, 10777, 2751, 2658, 2572, 3152, 2344, 547, 88, 67, NA, 27273,  X
1135, 1149.9, 9852, 5222, 2840, 4605, 1397, 2548, 6045, 1473, 93, 67, NA, 33982,  X
1136, 1151.0, 61230, 11770, 4418, 19631, 6384, 10764, 13303, 5811, 90, 67, NA, 133311,  X
1137, 1151.9, 6521, 2911, 3476, 1727, 2424, 8311, 1970, 1567, 96, 63, NA, 28907,  X
1138, 1152.9, 363981, 47524, 14134, 19456, 15923, 30685, 9054, 4631, 100, 64, NA, 505388,  X
1139, 1153.9, 121786, 18076, 5339, 5050, 3551, 4512, 4130, 917, 96, 57, NA, 163361,  X
1140, 1154.9, 5371, 1503, 1193, 1544, 901, 5798, 3281, 2702, 100, 50, NA, 22293,  X
1141, 1155.9, 7716, 3805, 3056, 4135, 2022, 4785, 3019, 2224, 96, 56, NA, 30762,  X
1142, 1156.9, 35690, 2757, 4205, 3284, 1293, 3707, 3214, 740, 94, 64, NA, 54890,  X
1143, 1157.9, 167875, 24586, 8224, 5351, 1611, 4133, 2497, 1337, 91, 66, NA, 215614,  X
1144, 1158.9, 181620, 21460, 2237, 5253, 2191, 4766, 1932, 877, 74, 64, NA, 220336,  X
1145, 1159.9, 382272, 18119, 2225, 1437, 8406, 6319, 3785, 1842, 69, 47, NA, 424405,  X
1146, 1160.9, 156684, 56316, 19536, 28849, 25708, 22074, 24424, 3373, 64, 40, NA, 336964,  X
1147, 1161.9, 53287, 10280, 1052, 3251, 1196, 5276, 4040, 1564, 75, 35, NA, 79946,  X
1148, 1162.9, 5196, 8766, 2483, 1468, 2032, 4274, 3954, 2313, 81, 35, NA, 30486,  X
1149, 1163.9, 5443, 11876, 2118, 921, 847, 3231, 2514, 1563, 78, 40, NA, 28513,  X
1150, 1165.0, 561066, 85168, 19849, 38295, 19609, 12579, 9826, 10336, 70, 40, NA, 756728,  X
1151, 1165.9, 38086, 41201, 11667, 11173, 1599, 3879, 5482, 1404, 56, 47, NA, 114491,  X
1152, 1166.9, 405308, 18226, 10822, 4057, 7044, 42158, 19318, 7473, 66, 44, NA, 514406,  X
1153, 1167.9, 2747, 3072, 803, 1227, 2133, 7620, 13408, 1120, 81, 43, NA, 32130,  X
1154, 1168.9, 4636, 3528, 1070, 6818, 2778, 7428, 5149, 749, 97, 44, NA, 32156,  X
1155, 1169.9, 34186, 35761, 583, 4662, 1795, 8322, 2047, 2171, 100, 30, NA, 89527,  X
1156, 1170.9, 15756, 17105, 3472, 8910, 2680, 4081, 3364, 1850, 88, 40, NA, 57218,  X
1157, 1171.9, 485967, 23210, 2929, 2612, 2687, 9332, 2049, 1932, 75, 40, NA, 530718,  X
1158, 1172.9, 155648, 17818, 10234, 3537, 1572, 4694, 4314, 4173, 63, 40, NA, 201990,  X
1159, 1173.9, 14505, 16348, 4576, 1760, 8043, 3372, 3312, 574, 60, 47, NA, 52490,  X
1160, 1174.9, 4224, 24411, 3692, 4688, 3387, 5480, 2998, 1183, 60, 38, NA, 50063,  X
1161, 1175.9, 727127, 37004, 4409, 10370, 11091, 19740, 14687, 7228, 61, 41, NA, 831656,  X
1162, 1176.9, 440423, 146668, 28122, 19701, 11795, 24779, 55585, 4624, 61, 34, NA, 731697,  X
1163, 1177.9, 45870, 11065, 6844, 1878, 4165, 2541, 2836, 2420, 60, 41, NA, 77619,  X
1164, 1178.9, 265262, 58885, 28008, 7821, 47720, 11548, 31219, 6894, 57, 43, NA, 457357,  X
1165, 1179.9, 9026, 14571, 1023, 4313, 3202, 9178, 3567, 1272, 60, 41, NA, 46152,  X
1166, 1180.9, 470713, 67355, 31296, 29306, 12697, 15427, 23639, 3632, 60, 51, NA, 654065,  X
1167, 1181.9, 119018, 126222, 11055, 7115, 3900, 5406, 9609, 4047, 50, 38, NA, 286372,  X
1168, 1182.9, 98424, 4878, 1324, 2294, 495, 450, 341, 193, 41, 44, NA, 108399,  X
1169, 1183.9, 1059835, 200748, 17553, 23878, 31455, 33240, 17341, 9835, 34, 43, NA, 1393885,  X
1170, 1187.9, 307397, 59290, 2044, 12355, 8494, 7617, 4690, 1910, 30, 30, NA, 403797,  X
1171, 1189.9, 691245, 61701, 13391, 9016, 5274, 8947, 2823, 773, 40, 38, NA, 793170,  X
1172, 1190.9, 1443651, 211298, 63696, 27978, 57580, 24950, 14895, 4935, 43, 30, NA, 1848983,  X
1173, 1191.9, 929869, 57898, 14605, 6901, 10953, 6510, 4710, 1227, 38, 38, NA, 1032673,  X
1174, 1192.9, 609319, 62953, 3308, 15743, 14199, 5160, 2979, 1397, 35, 40, NA, 715058,  X
1175, 1193.9, 2459104, 34429, 13427, 6437, 10827, 9227, 1749, 1019, 38, 41, NA, 2536219,  X
1176, 1195.9, 343488, 28329, 6405, 4498, 2319, 2583, 1211, 696, 37, 41, NA, 389529,  X
1177, 1197.9, 1133696, 201157, 2490, 23241, 47454, 34518, 16155, 13679, 43, 29, NA, 1472390,  X
1178, 1199.9, 231639, 42427, 4545, 14468, 16867, 18866, 7298, 1918, 54, 30, NA, 338028,  X
1179, 1199.9, 169927, 62465, 13332, 7579, 5042, 2326, 1486, 568, 40, 29, NA, 262725,  X
