time,MEDIA_ID,delta,FPOGX
4.9,,0.10001,0.1791
6.0,,0.76833,0.26971
6.9,,0.13726,0.55795
7.9,,0.00081,0.65616
8.9,,0.00017,0.20352
9.9,,0.00062,0.42431
11.0,,0.04615,0.37543
11.9,,0.00089,0.21014
13.0,,0.00037,0.26626
13.9,,0.01807,0.34078
14.9,,0.00091,0.0
15.9,,0.00036,0.21005
16.9,,0.04873,0.38415
17.9,,0.00712,0.39915
18.9,,0.00089,0.39727
20.0,,0.00262,0.28786
20.9,,0.04345,0.4775
22.0,,0.00297,0.0
22.9,,0.00096,0.19912
24.0,,0.05476,0.40463
24.9,,0.00348,0.4314
25.9,,0.00034,0.34462
27.0,,0.00102,0.0
27.9,,0.00527,0.35628
28.9,,0.03304,0.48882
29.9,,0.01595,0.64013
31.0,,0.00219,0.35772
31.9,,0.04643,0.41024
32.9,,0.00178,0.50903
33.9,,0.00176,0.0
34.9,,0.00053,0.37982
35.9,,0.01003,0.33432
36.9,,0.00555,0.27404
38.0,,0.00062,0.22435
38.9,,0.00106,0.41986
39.9,,0.00181,0.22937
40.9,,0.03262,0.36818
42.0,,0.00108,0.24961
43.0,,0.00048,0.34129
43.9,,0.00135,0.21819
45.0,,0.00076,0.22089
45.9,,0.00075,0.3386
46.9,,0.00125,0.29199
47.9,,0.0788,0.42338
49.0,,0.02855,0.2804
49.9,,0.00183,0.31312
50.9,,0.00514,0.37113
52.0,,0.00333,0.23102
52.9,,0.02017,0.46421
54.0,,0.12917,0.35783
54.9,,0.00062,0.58402
56.0,,0.01439,0.36447
56.9,,0.00653,0.54418
57.9,,0.07175,0.37655
59.0,,0.00243,0.60707
59.9,,0.00425,0.35986
60.9,,0.00211,0.58431
61.9,,0.04834,0.62976
62.9,,0.00054,0.35399
63.9,,0.01963,0.363
64.9,,0.00444,0.29074
65.9,,0.03332,0.35087
67.0,,0.16892,0.42856
67.9,,0.00144,0.44299
68.9,,0.04485,0.59663
69.9,,0.00096,0.28487
70.9,,0.01808,0.44373
71.9,,0.00405,0.41941
72.9,,0.00183,0.25896
74.0,,0.00278,0.34691
75.0,,0.00132,0.49902
75.9,,0.00173,0.33693
77.0,,0.02631,0.26918
77.9,,0.06376,0.3494
78.9,,0.00928,0.46234
79.9,,0.00814,0.0
81.0,,0.23563,0.63525
81.9,,0.1818,0.11228
82.9,,0.04784,0.21772
83.9,,0.01764,0.42145
85.0,,0.0014,0.6026
86.0,,0.00416,0.82494
86.9,,0.0437,0.09762
87.9,,0.02111,0.36105
88.9,,0.00046,0.45444
89.9,,0.00269,0.54501
91.0,,0.00286,0.68154
92.0,,0.01609,0.87433
92.9,,0.0006,0.0
93.9,,0.00203,0.37662
94.9,,0.00444,0.53626
95.9,,0.02583,0.67869
96.9,,0.13842,0.70993
97.9,,0.00045,0.69071
99.0,,0.00011,0.90378
99.9,,0.03011,0.06497
100.9,,0.00146,0.18577
101.9,,0.00091,0.28658
102.9,,0.00498,0.36482
103.9,,0.38484,0.52054
104.9,,0.02082,0.70938
105.9,,0.00139,0.84625
107.0,,0.03747,0.15813
107.9,,0.10734,0.4263
108.9,,0.00595,0.56957
110.0,,0.0438,0.74436
110.9,,0.08704,0.09613
111.9,,0.33089,0.24862
112.9,,0.00316,0.29463
113.9,,0.00574,0.45647
114.9,,0.00046,0.0
115.9,,0.00714,0.54198
118.0,,0.09296,0.75426
118.9,,0.01719,0.762
119.9,,0.0275,0.17256
120.9,,0.00096,0.26383
121.9,,0.00398,0.42001
123.0,,0.00203,0.55709
124.0,,0.00128,0.75746
124.9,,0.00256,0.12775
125.9,,0.00033,0.0
126.9,,0.00171,0.31743
128.0,,0.02837,0.5248
128.9,,0.00674,0.77301
129.9,,0.00114,0.88166
130.9,,0.00033,0.91552
131.9,,0.00059,0.0
132.9,,0.00059,0.22231
133.9,,0.02648,0.29152
135.0,,0.05023,0.51329
135.9,,0.00068,0.6953
136.9,,0.00141,0.89147
137.9,,7e-05,0.08071
139.0,,0.00193,0.18302
139.9,,0.00687,0.25325
140.9,,0.37469,0.37692
142.0,,0.00128,0.58214
142.9,,0.00068,0.67274
143.9,,0.03244,0.85204
144.9,,0.0007,0.18193
145.9,,0.00023,0.22814
146.9,,0.00319,0.50486
147.9,,0.02535,0.63499
148.9,,0.00052,0.73518
149.9,,0.00059,0.77479
150.9,,0.00129,0.10278
151.9,,0.00555,0.08985
153.0,,0.03045,0.21522
153.9,,0.00335,0.41015
155.0,,0.00048,0.59696
155.9,,0.00967,0.74037
156.9,,0.00114,0.8823
157.9,,0.10138,0.05972
158.9,,0.0008,0.20899
160.0,,0.00146,0.2136
160.9,,0.02599,0.70293
161.9,,0.00171,0.87466
162.9,,0.00117,0.10393
163.9,,0.00078,0.31538
164.9,,0.00444,0.53059
165.9,,0.01877,0.65587
167.0,,0.02939,0.78046
167.9,,0.00107,0.11451
168.9,,0.00095,0.07702
169.9,,0.00038,0.28371
171.0,,0.00473,0.45323
171.9,,0.15619,0.60582
172.9,,0.00166,0.80062
173.9,,0.00021,0.16602
174.9,,0.00101,0.19966
175.9,,0.00014,0.22292
176.9,,0.01431,0.37933
178.0,,0.29182,0.58375
178.9,,0.00221,0.75594
179.9,,0.00033,0.29238
180.9,,0.00049,0.70551
181.9,,0.003,0.63643
182.9,,0.02489,0.30717
183.9,,0.05563,0.69109
185.0,,0.0014,0.28117
185.9,,0.01862,0.52544
187.0,,0.10619,0.79353
187.9,,0.18969,0.09107
189.0,,3e-05,0.2043
189.9,,0.00171,0.34035
190.9,,0.00769,0.5522
191.9,,0.06122,0.52009
192.9,,0.00146,0.11171
193.9,,0.00194,0.23789
194.9,,0.00105,0.51195
196.0,,0.00516,0.69812
196.9,,0.0068,0.29588
197.9,,0.00405,0.44346
198.9,,0.15885,0.65429
199.9,,0.00191,0.59719
200.9,,0.00086,0.64489
201.9,,0.14607,0.86986
203.0,,0.00791,0.37058
203.9,,0.00235,0.64758
204.9,,0.0046,0.8867
205.9,,0.13171,0.83233
206.9,,0.00167,0.24473
207.9,,0.342,0.24703
208.9,,0.00089,0.31115
210.0,,0.00245,0.44027
210.9,,0.00046,0.70146
211.9,,0.01281,0.11263
212.9,,0.39565,0.27558
214.0,,0.00141,0.71916
214.9,,0.00332,0.22871
215.9,,0.00054,0.40529
216.9,,0.00479,0.65165
217.9,,0.03848,0.66542
219.0,,0.00097,0.71094
219.9,,0.0022,0.73494
221.0,,0.00069,0.29783
221.9,,0.06319,0.24867
222.9,,0.00881,0.09074
223.9,,0.00098,0.1356
224.9,,0.12745,0.54594
225.9,,0.00266,0.16122
226.9,,0.00872,0.44574
228.0,,0.19539,0.28646
228.9,,0.02274,0.69553
229.9,,0.00182,0.81004
230.9,,0.00153,0.29824
232.0,,0.00194,0.73118
232.9,,0.00128,0.30771
233.9,,0.32178,0.36302
235.0,,0.07123,0.64129
235.9,,0.00917,0.31814
236.9,,0.00081,0.43411
237.9,,0.00081,0.40133
239.0,,0.00138,0.44818
239.9,,0.01561,0.47116
240.9,,0.00089,0.35911
241.9,,0.00339,0.59342
242.9,,0.02912,0.46075
243.9,,0.14474,0.58807
244.9,,0.00107,0.45909
246.0,,0.52533,0.59877
246.9,,0.0019,0.39661
247.9,,0.00112,0.31645
248.9,,0.0043,0.479
249.9,,0.00127,0.53833
251.0,,0.00071,0.54195
251.9,,0.00388,0.49987
253.0,,0.0163,0.4395
253.9,,0.00511,0.36125
254.9,,0.02871,0.49989
255.9,,0.42359,0.45407
257.0,,0.01032,0.43869
257.9,,0.1686,0.26824
258.9,,0.00167,0.30405
260.0,,0.00099,0.30281
260.9,,0.04308,0.51194
261.9,,0.00166,0.76244
262.9,,0.08337,0.22233
264.0,,0.00209,0.3935
264.9,,0.01071,0.57555
265.9,,0.29347,0.21695
267.0,,0.00474,0.0
267.9,,0.02745,0.51691
268.9,,0.00239,0.75512
269.9,,0.0317,0.55372
271.0,,0.00502,0.33011
271.9,,0.00104,0.76385
272.9,,0.00174,0.22381
273.9,,0.00078,0.4047
275.0,,0.02542,0.23033
275.9,,0.00146,0.34308
276.9,,0.00441,0.57816
277.9,,0.02037,0.64938
278.9,,0.36399,0.74919
279.9,,0.00136,0.27312
280.9,,0.02271,0.46187
282.0,,0.43766,0.62118
283.0,,0.00595,0.23952
283.9,,0.06374,0.45885
285.0,,0.00164,0.51994
285.9,,0.00282,0.54844
286.9,,0.01468,0.32621
287.9,,0.00052,0.26054
289.0,,0.00134,0.48734
289.9,,0.01118,0.31968
290.9,,0.01909,0.28107
291.9,,0.04205,0.42128
292.9,,0.00107,0.42948
293.9,,0.00283,0.4194
294.9,,0.03903,0.59203
296.0,,0.00223,0.24974
296.9,,0.00183,0.25049
297.9,,0.00951,0.30904
299.0,,0.02011,0.40572
300.0,,0.00904,0.59372
300.9,,0.00062,0.74968
301.9,,0.00025,0.44748
302.9,,0.00093,0.60924
303.9,,0.00246,0.40446
304.9,,0.02364,0.60741
305.9,,0.00082,0.22634
307.0,,0.00184,0.40548
307.9,,0.00094,0.69825
308.9,,0.03177,0.55936
309.9,,0.01565,0.65752
310.9,,0.00059,0.32783
311.9,,0.02937,0.57492
312.9,,0.02396,0.65027
314.0,,0.09741,0.50159
315.0,,0.10303,0.32253
315.9,,0.02101,0.41339
316.9,,0.00248,0.40379
318.0,,0.00122,0.6877
318.9,,0.00046,0.30723
319.9,,0.00242,0.58556
320.9,,0.00243,0.4272
321.9,,0.00844,0.0
322.9,,0.00135,0.345
323.9,,0.01372,0.58954
325.0,,0.03134,0.11246
325.9,,0.00787,0.30258
326.9,,0.12348,0.34478
327.9,,0.00188,0.0
328.9,,0.14047,0.20538
329.9,,0.00159,0.30692
331.0,,0.02901,0.0
332.0,,0.00723,0.26259
332.9,,0.00389,0.37744
333.9,,0.02231,0.3869
334.9,,0.4012,0.24867
335.9,,0.38626,0.42353
336.9,,0.07413,0.40775
337.9,,0.00151,0.0
338.9,,0.02207,0.17994
339.9,,0.0006,0.2931
340.9,,0.04209,0.40976
341.9,,0.00764,0.39906
343.0,,0.00454,0.67042
343.9,,0.00128,0.30462
344.9,,0.00094,0.39222
345.9,,0.00157,0.54003
347.0,,0.02265,0.75007
347.9,,0.01118,0.13489
348.9,,0.0013,0.24853
350.0,,0.00044,0.19886
350.9,,0.01035,0.15595
351.9,,0.00083,0.33879
352.9,,0.23574,0.51643
353.9,,0.0006,0.2001
354.9,,0.01884,0.37606
355.9,,0.00172,0.4806
357.0,,0.00064,0.49071
357.9,,0.00102,0.60405
358.9,,0.0419,0.64055
359.9,,0.02831,0.60237
361.0,,0.03049,0.1951
361.9,,0.00092,0.30674
363.0,,0.0601,0.44555
363.9,,0.00178,0.63523
364.9,,0.00394,0.25009
365.9,,0.02354,0.31557
366.9,,0.01147,0.43314
368.0,,0.03197,0.14273
368.9,,0.02047,0.19065
369.9,,0.00294,0.35874
370.9,,0.00159,0.52459
371.9,,0.02658,0.66038
372.9,,0.72905,0.81575
373.9,,0.02674,0.22824
375.0,,0.00279,0.21517
375.9,,0.00051,0.24382
376.9,,0.00441,0.3683
377.9,,0.0007,0.28963
379.0,,0.00498,0.31977
379.9,,0.58355,0.47448
380.9,,0.00114,0.42795
381.9,,0.00503,0.51714
382.9,,0.04865,0.49298
383.9,,0.35964,0.50652
384.9,,0.00147,0.49976
386.0,,0.00986,0.601
386.9,,0.00131,0.0
387.9,,0.00166,0.0
388.9,,0.05597,0.48521
389.9,,0.02665,0.39274
390.9,,0.01171,0.23937
391.9,,0.69018,0.44444
393.0,,0.02167,0.37811
393.9,,0.00097,0.41206
395.0,,0.00061,0.26664
395.9,,0.00055,0.45167
396.9,,0.0346,0.56961
397.9,,0.00077,0.7263
398.9,,0.01932,0.79967
399.9,,0.05272,0.16279
400.9,,0.00475,0.27305
401.9,,0.0007,0.15856
402.9,,0.00516,0.38098
404.0,,0.00015,0.43075
404.9,,0.02121,0.13315
405.9,,0.00165,0.33865
406.9,,0.0001,0.49048
407.9,,0.00029,0.73556
408.9,,0.00054,0.22746
409.9,,0.06504,0.16093
411.0,,0.00177,0.28228
411.9,,0.00195,0.31131
412.9,,0.01836,0.45573
413.9,,0.00068,0.25146
414.9,,0.00035,0.55741
415.9,,0.21262,0.73989
416.9,,0.01361,0.55661
418.0,,0.0201,0.49093
418.9,,0.00119,0.41752
419.9,,0.0013,0.67191
420.9,,0.11176,0.34883
421.9,,0.01623,0.66652
422.9,,0.00039,0.20694
423.9,,0.06038,0.15034
424.9,,0.00422,0.40901
425.9,,0.00087,0.61942
427.0,,0.00123,0.83711
427.9,,0.05542,0.47538
429.0,,0.03985,0.49225
429.9,,0.0022,0.59411
430.9,,0.20799,0.38353
431.9,,0.50669,0.43417
432.9,,0.00249,0.54782
433.9,,0.08219,0.15994
434.9,,0.00533,0.30278
436.0,,0.00323,0.22446
436.9,,0.00327,0.2154
437.9,,0.02305,0.47563
438.9,,0.04014,0.47604
439.9,,0.13454,0.25484
440.9,,0.00394,0.35392
441.9,,0.00079,0.24409
443.0,,0.03187,0.30862
443.9,,0.00069,0.44317
444.9,,0.21168,0.38798
445.9,,0.03696,0.31206
447.0,,0.65147,0.39035
447.9,,0.00624,0.55063
448.9,,0.0031,0.18016
449.9,,0.00201,0.54822
450.9,,0.00165,0.7904
451.9,,0.00249,0.26531
452.9,,0.28888,0.53373
454.0,,0.05066,0.48435
454.9,,0.01972,0.35689
455.9,,0.00128,0.57388
456.9,,0.123,0.54214
457.9,,0.06622,0.58717
459.0,,0.00647,0.38374
459.9,,0.04641,0.0
461.0,,0.05664,0.53401
461.9,,0.00114,0.37072
462.9,,0.00023,0.47799
463.9,,0.10556,0.5318
465.0,,0.00138,0.44523
465.9,,0.06673,0.3884
466.9,,0.01912,0.43617
468.0,,0.00056,0.0
468.9,,0.0017,0.36083
469.9,,0.00738,0.53294
470.9,,0.06841,0.40919
472.0,,0.09583,0.56325
472.9,,0.03915,0.0
473.9,,0.05307,0.54104
475.0,,0.00229,0.58861
475.9,,0.0296,0.80131
476.9,,0.3832,0.38346
477.9,,0.00144,0.61398
479.0,,0.07299,0.53411
479.9,,0.18581,0.59246
480.9,,0.01748,0.38849
481.9,,0.00235,0.6348
482.9,,0.02607,0.39589
483.9,,0.00077,0.56281
484.9,,0.00155,0.61327
485.9,,0.00132,0.54584
486.9,,0.10408,0.67361
487.9,,0.00069,0.66603
488.9,,0.00046,0.52921
490.0,,0.00283,0.5228
490.9,,0.03807,0.54459
491.9,,0.00091,0.5435
493.0,,0.00037,0.46981
493.9,,0.02297,0.51593
494.9,,0.00018,0.0
495.9,,6e-05,0.53363
497.0,,8e-05,0.49589
497.9,,0.00032,0.0
498.9,,0.08621,0.41606
499.9,,3e-05,0.46314
500.9,,0.00097,0.49924
501.9,,0.02624,0.53726
502.9,,0.0067,0.45979
504.0,,0.00015,0.34335
504.9,,0.00125,0.36607
505.9,,0.08082,0.0
506.9,,0.0019,0.21041
508.0,,0.00016,0.76668
508.9,,0.0,0.49532
509.9,,0.03274,0.22021
510.9,,0.0009,0.31608
511.9,,0.04748,0.53792
512.9,,0.01146,0.26564
513.9,,0.04099,0.22513
515.0,,0.15077,0.32265
515.9,,0.00124,0.47752
516.9,,0.01243,0.25219
517.9,,0.00041,0.3983
518.9,,0.00099,0.55511
519.9,,8e-05,0.0
520.9,,0.01656,0.21789
522.0,,0.44744,0.4706
522.9,,0.0004,0.34207
524.9,,0.02676,0.48243
525.9,,0.02108,0.60928
526.9,,0.00027,0.26699
527.9,,0.01689,0.3164
528.9,,0.01891,0.58804
529.9,,0.00198,0.59369
530.9,,0.04754,0.4431
531.9,,0.00095,0.70778
533.0,,0.00045,0.33729
533.9,,0.01626,0.56018
534.9,,0.00036,0.22604
535.9,,0.0009,0.31856
536.9,,0.001,0.52254
537.9,,0.06659,0.48663
538.9,,0.00663,0.52548
540.0,,0.02353,0.23585
540.9,,0.00317,0.24469
541.9,,0.00148,0.47031
542.9,,0.00466,0.43185
543.9,,0.00276,0.43844
544.9,,0.34838,0.44684
545.9,,0.00038,0.38722
547.0,,0.003,0.26567
547.9,,0.03353,0.31752
548.9,,0.01374,0.33379
549.9,,0.0019,0.37854
551.0,,0.00172,0.38674
551.9,,0.03935,0.38556
552.9,,0.32134,0.54575
553.9,,0.00104,0.25243
554.9,,0.00019,0.29498
555.9,,0.03121,0.29669
556.9,,0.0008,0.24375
558.0,,0.00025,0.39065
558.9,,0.02343,0.54748
559.9,,0.00016,0.49113
560.9,,0.0393,0.47368
561.9,,0.00106,0.33252
562.9,,0.01492,0.50472
563.9,,0.08706,0.16834
565.0,,0.01134,0.23988
565.9,,0.01199,0.25617
566.9,,0.25312,0.24587
567.9,,0.01586,0.25086
568.9,,0.00606,0.28824
569.9,,0.0232,0.33316
570.9,,0.0016,0.40535
571.9,,0.0076,0.54337
572.9,,0.0014,0.27092
573.9,,0.00022,0.63616
574.9,,0.07094,0.45464
576.0,,0.00035,0.45737
576.9,,0.0023,0.04883
577.9,,0.00694,0.29705
578.9,,0.00847,0.61997
579.9,,0.03995,0.26671
580.9,,0.01982,0.18289
581.9,,0.00044,0.51547
583.0,,0.00065,0.78263
583.9,,0.0006,0.80684
584.9,,0.02421,0.08423
585.9,,0.73167,0.34404
586.9,,0.00099,0.1829
587.9,,0.00016,0.50076
588.9,,0.00324,0.74315
590.0,,0.01713,0.89705
590.9,,0.00075,0.15987
591.9,,0.00085,0.26411
592.9,,0.00187,0.55986
594.0,,0.00032,0.72947
594.9,,0.01356,0.88395
595.9,,0.00111,0.21326
596.9,,0.00078,0.28641
597.9,,0.00162,0.30299
598.9,,0.03553,0.49105
599.9,,0.00625,0.61531
601.0,,0.00102,0.70497
601.9,,0.06087,0.51843
602.9,,0.00045,0.58004
603.9,,0.00923,0.86745
604.9,,0.00146,0.88129
605.9,,0.05492,0.1546
606.9,,0.00122,0.21186
608.0,,0.02559,0.37472
608.9,,0.14433,0.52006
609.9,,0.00336,0.59828
610.9,,0.27134,0.80729
612.0,,0.04457,0.17092
612.9,,0.03519,0.20541
613.9,,0.01453,0.41821
615.0,,0.00108,0.70429
615.9,,0.00221,0.87456
616.9,,0.00474,0.22784
617.9,,0.02531,0.44913
619.0,,0.0045,0.0
619.9,,0.03018,0.82664
620.9,,0.00528,0.0975
621.9,,0.00161,0.0
622.9,,0.00027,0.50996
623.9,,0.0194,0.73605
624.9,,0.00161,0.0877
626.0,,0.00337,0.28882
626.9,,0.04134,0.3874
627.9,,0.00732,0.48683
628.9,,0.00065,0.50607
629.9,,0.00185,0.66076
630.9,,0.10877,0.9066
631.9,,0.00169,0.29196
632.9,,0.00326,0.52133
633.9,,0.00054,0.786
634.9,,0.00204,0.17483
635.9,,0.00171,0.32132
637.0,,0.05221,0.531
637.9,,0.00368,0.45036
638.9,,0.00291,0.7435
639.9,,0.35738,0.86953
640.9,,0.00373,0.49725
641.9,,0.07242,0.8521
642.9,,0.00149,0.14246
644.0,,0.00141,0.23095
644.9,,0.00231,0.36318
645.9,,0.01077,0.36526
646.9,,0.00075,0.52743
647.9,,0.00218,0.73265
648.9,,0.01651,0.8436
649.9,,0.05742,0.87852
651.0,,0.00194,0.07593
651.9,,0.00067,0.27353
652.9,,0.00887,0.48424
653.9,,0.00137,0.7894
654.9,,0.00086,0.12154
655.9,,0.00383,0.16267
656.9,,0.55524,0.24524
657.9,,0.0024,0.19613
658.9,,0.00064,0.39806
659.9,,0.0355,0.68369
660.9,,0.00457,0.58241
662.0,,0.00073,0.0
662.9,,0.00081,0.90056
663.9,,0.00281,0.39985
664.9,,0.00059,0.24178
665.9,,0.00558,0.62708
666.9,,0.03494,0.15744
667.9,,0.00404,0.28221
669.0,,0.00281,0.49471
669.9,,0.00139,0.72956
670.9,,0.00153,0.83379
671.9,,0.00329,0.22984
672.9,,0.09824,0.5286
673.9,,0.35227,0.69997
674.9,,0.04438,0.7733
676.0,,0.00205,0.10467
676.9,,0.00334,0.46962
677.9,,0.03071,0.56101
678.9,,0.00121,0.27542
680.0,,0.0027,0.28955
680.9,,0.00728,0.29751
681.9,,0.02831,0.22804
682.9,,0.00412,0.76993
683.9,,0.00228,0.68322
684.9,,0.00816,0.58018
685.9,,0.09691,0.6865
687.0,,0.00096,0.79263
687.9,,0.00288,0.67508
688.9,,0.00066,0.78214
689.9,,0.00363,0.86134
690.9,,0.0358,0.88313
691.9,,0.00439,0.89968
692.9,,0.00322,0.15978
694.0,,0.16576,0.36256
694.9,,0.04375,0.68283
695.9,,0.00367,0.21727
696.9,,0.02754,0.48842
697.9,,0.00153,0.62556
698.9,,0.00201,0.71327
699.9,,0.00551,0.16341
701.0,,0.0371,0.47168
701.9,,0.18351,0.0
702.9,,0.00195,0.70418
703.9,,0.07609,0.0
705.0,,0.256,0.0
705.9,,0.04119,0.0
706.9,,0.01969,0.26249
707.9,,0.04802,0.0
708.9,,0.07888,0.68432
709.9,,0.00959,0.9152
710.9,,0.05712,0.23982
712.0,,0.03082,0.55716
712.9,,0.02743,0.8335
713.9,,0.00256,0.18108
714.9,,0.00653,0.24953
715.9,,0.01687,0.48612
716.9,,0.00188,0.60307
717.9,,0.0028,0.81127
718.9,,0.00145,0.08272
719.9,,0.04073,0.0
720.9,,0.00375,0.60379
721.9,,0.04728,0.86848
722.9,,0.00653,0.09544
723.9,,0.00195,0.28289
724.9,,0.0252,0.58168
725.9,,0.00098,0.60779
726.9,,0.00221,0.63291
727.9,,0.00464,0.4019
728.9,,0.00421,0.22053
730.0,,0.08108,0.7588
730.9,,0.0042,0.62739
731.9,,0.00061,0.57461
732.9,,0.02798,0.55892
733.9,,0.00268,0.56663
734.9,,0.00394,0.24714
735.9,,9e-05,0.48128
737.0,,0.03968,0.28272
737.9,,0.06271,0.41015
738.9,,0.00062,0.48194
739.9,,0.01285,0.5238
740.9,,0.00288,0.6187
741.9,,0.01379,0.68827
742.9,,0.00346,0.62164
743.9,,0.00163,0.47476
744.9,,0.03953,0.45099
745.9,,0.03263,0.0
746.9,,0.00178,0.56871
748.0,,0.00173,0.48721
748.9,,0.00488,0.48876
749.9,,0.05018,0.52957
750.9,,0.01893,0.0
751.9,,0.01709,0.54857
752.9,,0.00319,0.43511
753.9,,0.02168,0.0
755.0,,0.00078,0.49726
755.9,,0.04924,0.49851
756.9,,0.01337,0.50265
757.9,,0.01671,0.49599
758.9,,0.0013,0.49994
759.9,,0.05924,0.49582
760.9,,0.03478,0.49096
761.9,,0.00333,0.49758
762.9,,0.00061,0.49575
763.9,,0.02811,0.49814
764.9,,0.21898,0.42997
766.0,,0.03541,0.47299
766.9,,0.00075,0.56292
767.9,,0.02421,0.82796
768.9,,0.05013,0.58467
769.9,,0.0025,0.42082
770.9,,0.00073,0.49591
771.9,,0.00707,0.4961
773.0,,0.00225,0.42285
773.9,,0.05466,0.56684
774.9,,0.3209,0.80804
775.9,,0.00167,0.49378
777.9,,0.02751,0.44553
778.9,,0.04991,0.44676
779.9,,0.00765,0.5964
780.9,,0.00065,0.5002
781.9,,0.20917,0.55558
782.9,,0.08269,0.39841
784.0,,0.01972,0.40816
784.9,,0.00025,0.58429
785.9,,0.00048,0.0
786.9,,0.01025,0.39834
787.9,,0.00556,0.54183
788.9,,0.02456,0.28939
789.9,,0.15019,0.59744
791.0,,0.04932,0.59632
791.9,,0.02849,0.48955
792.9,,0.02794,0.43338
793.9,,0.02029,0.44354
794.9,,0.0914,0.44243
795.9,,0.00572,0.4465
796.9,,0.00272,0.39596
798.0,,0.01782,0.57214
798.9,,0.05316,0.53629
799.9,,0.00232,0.52528
800.9,,0.17666,0.49892
801.9,,0.06994,0.36854
802.9,,0.00082,0.52977
803.9,,0.00232,0.33547
804.9,,0.00168,0.84205
805.9,,0.03783,0.35172
806.9,,0.03854,0.62832
807.9,,0.00069,0.40369
809.0,,0.08331,0.5376
809.9,,0.00502,0.47752
810.9,,0.005,0.49608
811.9,,0.00279,0.78642
812.9,,0.0013,0.51128
813.9,,0.01355,0.52992
814.9,,0.25263,0.17132
816.0,,0.00331,0.35304
816.9,,0.12163,0.51246
817.9,,0.16471,0.56938
818.9,,0.00227,0.23018
819.9,,0.00357,0.31087
820.9,,0.02493,0.3268
821.9,,0.24942,0.24279
822.9,,0.11159,0.39763
823.9,,0.20278,0.4523
824.9,,0.00804,0.21563
825.9,,0.16271,0.40347
826.9,,0.06305,0.26016
827.9,,0.00363,0.41234
828.9,,0.01338,0.52557
829.9,,0.22862,0.42884
830.9,,0.17221,0.53692
831.9,,0.0788,0.50981
832.9,,0.00115,0.62488
834.0,,0.00056,0.74052
834.9,,0.00143,0.0
835.9,,0.0054,0.0
836.9,,0.01996,0.32306
837.9,,0.00198,0.64232
838.9,,0.63323,0.40256
839.9,,0.51571,0.33756
841.0,,0.1241,0.27689
841.9,,0.06555,0.45331
842.9,,0.02524,0.27811
843.9,,0.27961,0.52291
844.9,,0.0004,0.64392
845.9,,0.06587,0.71544
846.9,,0.02722,0.65733
847.9,,0.01761,0.67494
848.9,,0.05798,0.76731
849.9,,0.00165,0.60769
850.9,,0.00246,0.64027
852.0,,0.01165,0.55414
852.9,,0.01549,0.41978
853.9,,0.00453,0.54831
854.9,,0.00241,0.42732
855.9,,0.0024,0.30759
856.9,,0.00367,0.74906
857.9,,0.04327,0.76229
859.0,,0.00112,0.66337
859.9,,0.00062,0.0
860.9,,0.08572,0.44089
861.9,,0.00064,0.70074
862.9,,0.00149,0.65313
863.9,,0.00346,0.3933
864.9,,0.00061,0.62227
865.9,,0.01871,0.64414
866.9,,0.00325,0.62404
867.9,,0.00114,0.0
868.9,,0.05769,0.53051
869.9,,0.49151,0.63206
870.9,,0.00306,0.6817
871.9,,0.03526,0.34747
872.9,,0.00017,0.64102
873.9,,0.02049,0.26955
874.9,,0.0282,0.29743
875.9,,0.00804,0.36836
877.0,,0.00125,0.67597
877.9,,0.08275,0.65926
878.9,,0.00756,0.29803
879.9,,0.00917,0.73543
880.9,,0.26168,0.61781
881.9,,0.12614,0.36146
882.9,,0.00175,0.29991
884.0,,0.00685,0.34761
884.9,,0.12668,0.0
885.9,,0.02151,0.66142
886.9,,0.0436,0.71097
887.9,,0.016,0.24308
888.9,,0.00664,0.5571
889.9,,0.04179,0.57197
890.9,,0.01801,0.55083
891.9,,0.00359,0.72736
892.9,,0.01591,0.77143
893.9,,0.00337,0.33423
895.0,,0.24319,0.62769
895.9,,0.14136,0.57549
896.9,,0.0394,0.0
897.9,,0.00085,0.64749
898.9,,0.00159,0.77196
899.9,,0.22188,0.74352
900.9,,0.0377,0.57187
902.0,,0.00111,0.5
902.9,,0.04534,0.33831
903.9,,6e-05,0.33503
904.9,,0.0372,0.6384
905.9,,0.02488,0.57519
906.9,,0.04211,0.0
907.9,,0.02701,0.44047
909.0,,0.09876,0.62556
909.9,,0.00575,0.56975
910.9,,0.00367,0.63034
911.9,,0.01253,0.6428
913.0,,0.02462,0.62759
913.9,,0.00064,0.32311
914.9,,0.02434,0.37123
916.0,,0.25303,0.54465
916.9,,0.00465,0.33363
917.9,,0.00227,0.61356
918.9,,0.0013,0.65131
920.0,,0.06286,0.74998
920.9,,0.09233,0.32639
921.9,,0.00265,0.37647
922.9,,0.01301,0.64142
923.9,,0.06547,0.32583
924.9,,0.00583,0.35795
925.9,,0.01328,0.63983
927.0,,0.01346,0.64166
927.9,,0.02941,0.7098
928.9,,0.00133,0.63199
929.9,,0.00524,0.0
930.9,,0.01246,0.36304
931.9,,0.0555,0.62395
932.9,,0.00106,0.68572
933.9,,0.00345,0.36415
934.9,,0.01245,0.73138
935.9,,0.03093,0.6011
936.9,,0.00501,0.72754
938.0,,0.02562,0.28284
938.9,,0.0035,0.61485
939.9,,0.01852,0.33136
941.0,,0.01591,0.65799
941.9,,0.00084,0.51571
942.9,,0.00294,0.3367
943.9,,0.01171,0.6573
945.0,,0.00289,0.63932
945.9,,0.00169,0.35892
946.9,,0.12084,0.56699
947.9,,0.18879,0.61345
948.9,,0.045,0.29686
949.9,,0.00441,0.40151
950.9,,0.08576,0.35564
951.9,,0.01045,0.63914
952.9,,0.00247,0.30869
953.9,,0.50129,0.30852
954.9,,0.00831,0.36972
955.9,,0.0157,0.64067
956.9,,0.17542,0.32407
957.9,,0.0025,0.23951
958.9,,0.00252,0.66598
959.9,,0.03305,0.55131
960.9,,0.00509,0.60067
961.9,,0.0044,0.42416
963.0,,0.0404,0.43823
963.9,,0.23069,0.50752
964.9,,0.05174,0.52173
965.9,,0.11136,0.49519
966.9,,0.0833,0.0
967.9,,0.07618,0.51342
968.9,,0.00203,0.50245
969.9,,0.00603,0.40514
970.9,,0.00115,0.52481
971.9,,0.13494,0.40578
972.9,,0.00475,0.35883
973.9,,0.23804,0.85117
974.9,,0.00013,0.58786
975.9,,0.00041,0.60457
976.9,,0.00098,0.59619
977.9,,0.00194,0.6005
978.9,,0.06042,0.61183
979.9,,0.00197,0.59817
981.0,,0.19134,0.60814
981.9,,0.00561,0.61256
982.9,,0.07539,0.51348
983.9,,0.00167,0.49664
984.9,,0.00299,0.49875
985.9,,0.00361,0.44798
986.9,,0.03777,0.57722
988.0,,0.00147,0.50913
988.9,,0.01494,0.49673
989.9,,0.01427,0.60465
990.9,,0.04344,0.52278
991.9,,0.01482,0.0
992.9,,0.09433,0.28356
993.9,,0.00499,0.56446
994.9,,0.00394,0.63848
995.9,,0.00213,0.70546
996.9,,0.00143,0.26708
997.9,,0.01113,0.36688
999.0,,0.27802,0.45711
999.9,,0.00777,0.65357
1000.9,,0.00473,0.50549
1001.9,,0.31283,0.50542
1002.9,,0.01519,0.59705
1003.9,,0.03002,0.43517
1004.9,,0.0041,0.67295
1006.0,,0.14023,0.43367
1006.9,,0.18344,0.64315
1007.9,,0.00466,0.68467
1008.9,,0.13626,0.87996
1009.9,,0.00469,0.51494
1010.9,,0.29152,0.83957
1011.9,,0.01149,0.85411
1013.0,,0.00091,0.52735
1013.9,,0.00147,0.84716
1014.9,,0.01021,0.86871
1015.9,,0.00205,0.46739
1017.0,,0.0047,0.39517
1017.9,,0.00305,0.12921
1018.9,,0.00636,0.1352
1019.9,,0.17837,0.48339
1020.9,,0.04226,0.48489
1021.9,,0.03934,0.45554
1022.9,,0.05643,0.13891
1024.0,,0.00216,0.62358
1024.9,,0.00021,0.66222
1025.9,,0.14927,0.61018
1026.9,,0.01149,0.62252
1027.9,,0.02448,0.48038
1028.9,,0.12531,0.46327
1029.9,,0.01387,0.37965
1031.0,,0.02153,0.14593
1031.9,,0.00234,0.0
1032.9,,0.00377,0.46633
1033.9,,0.00302,0.63332
1034.9,,0.07538,0.55542
1035.9,,0.3718,0.25635
1036.9,,0.00274,0.53415
1037.9,,0.00253,0.70881
1038.9,,0.06597,0.44749
1039.9,,0.08498,0.68341
1040.9,,0.1841,0.54715
1042.0,,0.06058,0.53876
1042.9,,0.26038,0.54383
1043.9,,0.07717,0.30537
1044.9,,0.00427,0.40539
1045.9,,0.00205,0.68362
1046.9,,0.00299,0.58716
1047.9,,0.01991,0.72476
1049.0,,0.00434,0.55912
1049.9,,0.07021,0.7395
1050.9,,0.01883,0.48618
1051.9,,0.00085,0.51905
1052.9,,0.00572,0.68643
1053.9,,0.0433,0.65291
1054.9,,0.05255,0.0
1056.9,,0.31627,0.3307
1057.9,,0.038,0.69383
1058.9,,0.01151,0.42991
1060.0,,0.04586,0.57722
1060.9,,0.00572,0.65513
1061.9,,0.00507,0.41432
1062.9,,0.00028,0.66253
1063.9,,0.03117,0.67459
1064.9,,0.0072,0.60587
1065.9,,0.00124,0.2483
1067.0,,0.2747,0.25629
1067.9,,0.00162,0.52115
1068.9,,0.09073,0.51371
1069.9,,0.04573,0.0
1070.9,,0.18091,0.66416
1071.9,,0.23481,0.51443
1072.9,,0.00947,0.0
1073.9,,0.00613,0.64199
1074.9,,0.00278,0.60848
1075.9,,0.0011,0.53668
1076.9,,0.05205,0.55528
1077.9,,0.01982,0.46966
1078.9,,0.00069,0.69972
1079.9,,0.24185,0.66204
1080.9,,0.26151,0.67578
1081.9,,0.00365,0.7391
1082.9,,0.00104,0.71202
1083.9,,0.04392,0.63414
1085.0,,0.13029,0.69152
1085.9,,0.0059,0.73321
1086.9,,0.05984,0.42841
1087.9,,0.59469,0.39358
1088.9,,0.40027,0.71987
1089.9,,0.26132,0.53602
1090.9,,0.0025,0.35735
1092.0,,0.02216,0.30829
1092.9,,0.03006,0.41289
1093.9,,0.31401,0.24547
1094.9,,0.00306,0.5131
1095.9,,0.0007,0.62826
1096.9,,0.44952,0.32559
1097.9,,0.02208,0.22095
1099.0,,0.20742,0.6401
1099.9,,0.03991,0.79312
1100.9,,0.07185,0.59478
1101.9,,0.00175,0.38695
1102.9,,0.00788,0.60725
1103.9,,0.11219,0.61563
1104.9,,0.02947,0.34861
1105.9,,0.00104,0.37876
1106.9,,0.00049,0.34826
1107.9,,0.02334,0.52273
1108.9,,0.22813,0.57792
1110.0,,0.50716,0.65005
1110.9,,0.01177,0.62644
1111.9,,0.2119,0.67391
1112.9,,0.01054,0.822
1113.9,,0.17875,0.50286
1114.9,,0.01919,0.65215
1115.9,,0.15821,0.20223
1116.9,,0.09397,0.49644
1117.9,,0.00356,0.496
1118.9,,0.16531,0.20093
1119.9,,0.03792,0.34225
1120.9,,0.03078,0.0
1121.9,,0.0057,0.82733
1122.9,,0.00102,0.5978
1124.0,,0.00125,0.61372
1124.9,,0.0021,0.60582
1125.9,,0.00022,0.63369
1126.9,,0.0009,0.76562
1128.0,,0.00088,0.15825
1128.9,,0.02468,0.73354
1129.9,,0.0003,0.73622
1130.9,,0.02616,0.62507
1131.9,,0.00067,0.20972
1132.9,,0.11153,0.25366
1133.9,,0.00058,0.0
1135.0,,0.00204,0.53887
1135.9,,0.00134,0.37801
1136.9,,0.0006,0.45422
1137.9,,0.01743,0.44359
1138.9,,0.10192,0.3899
1139.9,,0.02001,0.6196
1140.9,,0.01162,0.32132
1141.9,,0.02086,0.48848
1142.9,,0.0027,0.23058
1143.9,,0.00129,0.39506
1144.9,,0.00136,0.40666
1145.9,,0.00152,0.51757
1146.9,,0.00077,0.63789
1147.9,,0.00359,0.28267
1149.0,,0.00663,0.39306
1149.9,,0.00026,0.23852
1150.9,,0.03917,0.29397
1151.9,,0.00328,0.29134
1153.0,,0.01352,0.56076
1153.9,,0.09207,0.25386
1154.9,,0.00046,0.23403
1155.9,,0.20037,0.44271
1156.9,,0.12452,0.37255
1157.9,,0.00062,0.40384
1158.9,,0.01557,0.41906
1159.9,,0.001,0.30393
1160.9,,0.00258,0.25094
1161.9,,0.0771,0.51337
1162.9,,0.00045,0.24611
1163.9,,0.0052,0.41656
1164.9,,0.54921,0.52476
1165.9,,0.39203,0.22938
1166.9,,0.00046,0.43068
1167.9,,0.0023,0.66585
1168.9,,0.00344,0.38341
1169.9,,0.11732,0.326
1171.0,,0.00053,0.34709
1171.9,,0.28683,0.50228
1172.9,,0.05555,0.63527
1173.9,,0.10651,0.26293
1174.9,,0.0186,0.47845
1175.9,,0.00341,0.57592
1176.9,,0.00051,0.69827
1178.0,,0.00129,0.70382
1178.9,,0.06451,0.70278
1179.9,,0.00264,0.70846
1180.9,,0.0008,0.25137
1181.9,,0.00191,0.0
1182.9,,0.00152,0.48864
1183.9,,0.02174,0.53276
1184.9,,0.00196,0.26819
1185.9,,0.02998,0.34023
1186.9,,0.00243,0.25697
1187.9,,0.00067,0.24729
1188.9,,0.00111,0.29634
1189.9,,0.02301,0.57545
1190.9,,0.00083,0.33799
1191.9,,0.00085,0.26126
1192.9,,0.08917,0.34633
1193.9,,0.00056,0.5822
1194.9,,0.01997,0.26167
1196.0,,0.00105,0.2752
1196.9,,0.00082,0.35999
1197.9,,0.00131,0.0
1198.9,,0.00078,0.38939
1199.9,,0.00062,0.60418
1200.9,,0.00059,0.63019
1201.9,,0.00296,0.26152
1202.9,,0.00853,0.34058
1203.9,,0.01137,0.0
1204.9,,0.00064,0.40309
1205.9,,0.00853,0.43692
1206.9,,0.03051,0.73859
1207.9,,0.00065,0.34241
1208.9,,0.11844,0.5652
1209.9,,0.01962,0.76792
1210.9,,0.00188,0.48309
1211.9,,0.05272,0.71797
1212.9,,0.00314,0.35002
1214.0,,0.00023,0.50245
1214.9,,0.00211,0.0
1215.9,,0.03161,0.61282
1216.9,,0.00243,0.76159
1217.9,,0.0031,0.32953
1218.9,,6e-05,0.40259
1219.9,,0.03804,0.41396
1220.9,,0.0008,0.35309
1221.9,,0.00107,0.3549
1222.9,,0.06643,0.32315
1223.9,,5e-05,0.57445
1224.9,,0.00168,0.78027
1225.9,,0.00057,0.37109
1226.9,,0.03232,0.35451
1227.9,,0.00135,0.33193
1228.9,,0.00123,0.54409
1229.9,,0.00095,0.35841
1230.9,,0.03279,0.5736
1232.0,,0.07965,0.55099
1232.9,,0.00204,0.56894
1233.9,,0.0992,0.41011
1234.9,,0.0046,0.51311
1235.9,,0.13992,0.48217
1236.9,,0.00044,0.51101
1237.9,,0.03718,0.58182
1239.0,,0.01636,0.58254
1239.9,,0.01269,0.51242
1240.9,,0.00095,0.49376
1241.9,,0.04779,0.3243
1242.9,,0.00297,0.59932
1243.9,,0.01424,0.1725
1244.9,,0.37677,0.15054
1245.9,,0.01832,0.50761
1246.9,,0.01818,0.55857
1247.9,,0.00113,0.74608
1248.9,,0.04986,0.0
1249.9,,0.19571,0.19105
1250.9,,0.04618,0.45047
1251.9,,0.07561,0.75938
1252.9,,0.00679,0.22947
1253.9,,0.01712,0.32814
1254.9,,0.00045,0.57104
1255.9,,0.11808,0.77614
1257.0,,0.0093,0.45724
1257.9,,0.02395,0.29415
1258.9,,0.03363,0.53039
1259.9,,0.00067,0.4665
1260.9,,0.0005,0.4842
1261.9,,0.00246,0.46145
1262.9,,0.00047,0.57294
1263.9,,0.00052,0.45673
1264.9,,0.49205,0.45996
1265.9,,0.04721,0.18418
1266.9,,0.09854,0.20838
1268.0,,0.07985,0.60941
1268.9,,0.21698,0.50003
1269.9,,0.03038,0.8609
1270.9,,0.08482,0.47426
1271.9,,0.00252,0.86483
1272.9,,0.07291,0.46402
1273.9,,0.02951,0.82699
1275.0,,0.23156,0.51057
1275.9,,0.14769,0.37304
1276.9,,0.04546,0.0
1277.9,,0.09245,0.50775
1278.9,,0.00142,0.48386
1279.9,,0.02087,0.40977
1280.9,,0.31703,0.52481
1281.9,,0.00069,0.46617
1282.9,,0.00261,0.76108
1283.9,,0.00238,0.243
1284.9,,0.00019,0.4484
1285.9,,0.06316,0.73339
1286.9,,0.16035,0.53918
1287.9,,0.15666,0.5267
1288.9,,0.00583,0.41117
1289.9,,0.19262,0.3424
1290.9,,0.12914,0.32812
1291.9,,0.14713,0.34591
1292.9,,0.04509,0.38656
1293.9,,0.01766,0.41718
1294.9,,0.00072,0.33648
1295.9,,0.01559,0.47705
1296.9,,0.00346,0.83933
1297.9,,0.00475,0.92062
1298.9,,0.04434,0.0
1300.0,,0.02962,0.91188
1300.9,,0.30196,0.1484
1301.9,,0.00919,0.09763
1302.9,,0.04206,0.44286
1303.9,,0.0067,0.17554
1304.9,,0.16193,0.49202
1305.9,,0.01062,0.39075
1306.9,,0.00036,0.33229
1307.9,,0.00944,0.56927
1308.9,,0.00207,0.31789
1309.9,,0.00049,0.34868
1311.0,,0.00064,0.20614
1311.9,,0.00742,0.50258
1312.9,,0.00977,0.0
1313.9,,0.04156,0.34916
1314.9,,0.13568,0.52314
1315.9,,0.20484,0.34343
1316.9,,0.00053,0.50521
1318.0,,0.00158,0.18443
1318.9,,0.02305,0.22156
1319.9,,0.01766,0.34008
1320.9,,0.14659,0.19866
1321.9,,0.00591,0.33434
1322.9,,0.26628,0.0
1323.9,,8e-05,0.47972
1325.0,,0.00109,0.63677
1325.9,,0.00041,0.47254
1326.9,,0.02949,0.54068
1327.9,,0.00946,0.64527
1328.9,,0.01678,0.48404
1329.9,,0.00224,0.61096
1330.9,,0.0011,0.48611
1332.0,,0.0004,0.67467
1332.9,,0.01757,0.66263
1333.9,,0.00063,0.80101
1334.9,,0.00032,0.80996
1335.9,,0.00121,0.0
1336.9,,0.07012,0.17557
1337.9,,0.00423,0.21927
1338.9,,0.0002,0.19838
1339.9,,0.00064,0.0
1340.9,,0.00057,0.17943
1341.9,,0.08755,0.32977
1343.0,,0.00605,0.19175
1343.9,,2e-05,0.33872
1344.9,,0.0003,0.1812
1345.9,,0.06895,0.47181
1346.9,,0.00042,0.49658
1347.9,,0.02036,0.33982
1348.9,,0.23821,0.32235
1349.9,,0.22799,0.0
1350.9,,0.02042,0.51558
1351.9,,0.00048,0.32814
1352.9,,0.00988,0.15682
1353.9,,0.0009,0.3354
1354.9,,0.00094,0.18197
1355.9,,0.00348,0.39306
1357.0,,0.00019,0.32166
1357.9,,0.00066,0.49156
1358.9,,0.0398,0.57149
1359.9,,0.05516,0.64611
1361.0,,0.00019,0.50312
1361.9,,0.00034,0.36293
1362.9,,0.00032,0.6714
1363.9,,0.00045,0.33745
1364.9,,0.02395,0.17536
1365.9,,0.00067,0.34024
1366.9,,0.00064,0.52756
1368.0,,0.00102,0.7533
1368.9,,0.00357,0.60389
1369.9,,0.00061,0.59945
1370.9,,0.05281,0.36643
1371.9,,0.00214,0.17485
1372.9,,0.11427,0.69952
1373.9,,0.00021,0.62854
1374.9,,0.00031,0.81422
1375.9,,0.0015,0.1689
1376.9,,0.16866,0.0
1377.9,,0.00367,0.53439
1378.9,,0.00115,0.61277
1379.9,,0.00208,0.18035
1380.9,,0.00098,0.64602
1381.9,,0.01768,0.12648
1382.9,,0.08087,0.41141
1383.9,,0.02422,0.62181
1384.9,,0.00866,0.13479
1385.9,,0.03357,0.38941
1386.9,,0.00955,0.58524
1387.9,,0.00076,0.79358
1388.9,,0.00313,0.18745
1389.9,,0.00088,0.19419
1390.9,,0.00332,0.27597
1391.9,,0.04211,0.42723
1392.9,,0.72772,0.64389
1393.9,,0.00115,0.79936
1394.9,,0.00509,0.22231
1395.9,,0.03808,0.12895
1396.9,,0.00073,0.36937
1397.9,,0.00155,0.44284
1398.9,,0.00117,0.70987
1399.9,,0.47918,0.76085
1400.9,,0.00123,0.80157
1401.9,,0.00543,0.19421
1402.9,,0.2121,0.4458
1404.0,,0.00021,0.51812
1404.9,,0.00078,0.63398
1405.9,,0.00012,0.74401
1406.9,,0.01587,0.13187
1407.9,,0.00352,0.45766
1408.9,,0.00042,0.61854
1409.9,,0.00024,0.82432
1410.9,,0.00066,0.20277
1411.9,,0.03052,0.41871
1412.9,,0.00046,0.61893
1413.9,,0.0003,0.78488
1414.9,,0.00013,0.79031
1415.9,,0.01317,0.58212
1416.9,,0.00497,0.25905
1417.9,,0.00024,0.5706
1418.9,,0.00028,0.62987
1419.9,,0.0136,0.43955
1420.9,,0.00174,0.5942
1421.9,,0.00111,0.55847
1422.9,,6e-05,0.82372
1423.9,,0.03262,0.20611
1424.9,,0.00969,0.55298
1425.9,,0.00244,0.1801
1426.9,,0.00112,0.36073
1427.9,,0.00742,0.54658
1429.0,,0.00052,0.72244
1429.9,,0.11166,0.80195
1430.9,,0.01552,0.24889
1431.9,,0.03248,0.72738
1432.9,,0.00862,0.64818
1433.9,,0.00282,0.19724
1434.9,,0.00151,0.37901
1435.9,,0.02959,0.73264
1436.9,,0.00156,0.67414
1437.9,,0.00163,0.14338
1438.9,,0.00116,0.27106
1439.9,,0.00066,0.13619
1440.9,,0.00172,0.4753
1441.9,,0.01733,0.64747
1442.9,,0.00105,0.83388
1443.9,,0.00582,0.13167
1444.9,,0.0042,0.26111
1445.9,,0.29214,0.4199
1447.0,,0.0006,0.65083
1447.9,,0.00236,0.78713
1448.9,,0.00019,0.21485
1449.9,,0.00036,0.55861
1450.9,,0.05281,0.59853
1451.9,,0.00012,0.80193
1452.9,,0.00274,0.0
1453.9,,0.00301,0.8276
1454.9,,0.01723,0.43485
1455.9,,0.00138,0.583
1456.9,,0.09115,0.76785
1457.9,,0.02769,0.37826
1458.9,,0.00189,0.77773
1459.9,,0.00458,0.17906
1460.9,,0.00242,0.59424
1461.9,,0.00251,0.79846
1462.9,,0.01113,0.58545
1463.9,,0.00012,0.22247
1464.9,,0.01086,0.18506
1465.9,,0.14096,0.24545
1466.9,,2e-05,0.41662
1467.9,,0.01365,0.36989
1468.9,,0.12589,0.0
1469.9,,0.0017,0.83302
1470.9,,0.00238,0.30417
1471.9,,0.00785,0.36512
1472.9,,0.00111,0.29104
1473.9,,0.01067,0.79214
1474.9,,0.00085,0.35348
1476.0,,0.20737,0.42617
1476.9,,0.01668,0.72005
1477.9,,0.00324,0.6694
1478.9,,0.07446,0.2466
1479.9,,0.12591,0.61919
1480.9,,0.11665,0.72624
1481.9,,0.0342,0.7066
1482.9,,0.02894,0.31793
1483.9,,0.01028,0.7057
1484.9,,0.20211,0.33226
1485.9,,0.00613,0.39301
1486.9,,0.00047,0.34383
1487.9,,0.04045,0.71537
1488.9,,0.14311,0.39823
1490.0,,0.02342,0.39503
1490.9,,0.00588,0.30491
1491.9,,0.02674,0.69359
1492.9,,0.02471,0.33683
1493.9,,0.02072,0.28988
1494.9,,0.04541,0.47873
1495.9,,0.07209,0.53363
1496.9,,0.21818,0.77054
1497.9,,0.0026,0.35912
1498.9,,0.06716,0.68736
1499.9,,0.00151,0.30512
1500.9,,0.00133,0.67972
1501.9,,0.0237,0.29296
1502.9,,0.0005,0.34387
1503.9,,0.13784,0.27865
1504.9,,0.01238,0.65725
1505.9,,0.04439,0.39483
1506.9,,0.00114,0.35964
1508.0,,0.00938,0.58629
1508.9,,0.00334,0.21194
1509.9,,0.0184,0.3346
1510.9,,0.00079,0.41993
1511.9,,0.12939,0.63058
1512.9,,0.24943,0.69116
1513.9,,0.24211,0.69469
1515.0,,0.04049,0.0
1515.9,,0.00393,0.33528
1516.9,,0.00647,0.40006
1517.9,,0.01265,0.68422
1518.9,,0.33947,0.38515
1519.9,,0.06637,0.6288
1520.9,,0.23359,0.32303
1521.9,,0.00716,0.25258
1522.9,,0.00265,0.21664
1523.9,,0.00793,0.4535
1524.9,,0.07292,0.37445
1525.9,,0.03734,0.2638
1526.9,,0.00289,0.21881
1527.9,,0.00511,0.56465
1528.9,,0.02004,0.61272
1529.9,,0.01351,0.22589
1530.9,,0.20185,0.51517
1531.9,,0.20006,0.40993
1533.0,,0.0803,0.52422
1533.9,,0.00279,0.34029
1534.9,,0.00088,0.66753
1535.9,,0.00565,0.60325
1536.9,,0.02003,0.5292
1537.9,,0.04479,0.4962
1538.9,,0.00129,0.0
1540.0,,0.00097,0.49039
1540.9,,0.05261,0.0
1541.9,,0.07266,0.3526
1542.9,,0.34769,0.18996
1543.9,,0.64205,0.20172
1544.9,,0.26629,0.0
1545.9,,0.77797,0.20759
1546.9,,0.00034,0.0
1547.9,,0.14255,0.16369
1548.9,,0.00369,0.47588
1549.9,,6e-05,0.50635
1551.0,,0.08061,0.0
1551.9,,0.07805,0.38927
1552.9,,0.02228,0.25038
1553.9,,0.00089,0.23693
1554.9,,0.00096,0.34798
1555.9,,0.02135,0.2433
1556.9,,0.00664,0.24183
1558.0,,0.00122,0.50565
1558.9,,0.04437,0.38113
1559.9,,0.00038,0.20777
1560.9,,0.03358,0.25054
1561.9,,0.07959,0.37582
1562.9,,0.02864,0.34315
1563.9,,0.0922,0.47108
1565.0,,0.03798,0.59227
1565.9,,0.75282,0.59523
1566.9,,0.00177,0.0
1567.9,,0.02355,0.37578
1568.9,,0.0328,0.39314
1569.9,,0.0004,0.34696
1570.9,,0.00146,0.50031
1572.0,,0.01126,0.37862
1572.9,,0.0132,0.63491
1573.9,,1.0,0.30627
1574.9,,0.00185,0.19186
1576.0,,0.00198,0.59669
1576.9,,0.04489,0.54606
1577.9,,0.01258,0.6753
1578.9,,0.08156,0.66745
1579.9,,0.00095,0.0
1580.9,,0.00092,0.48925
1581.9,,0.02457,0.42876
1582.9,,0.48111,0.0
1583.9,,0.00325,0.44834
1584.9,,0.00058,0.52677
1585.9,,0.01644,0.54656
1586.9,,0.04921,0.53788
1587.9,,0.01497,0.44187
1588.9,,0.00046,0.38411
1589.9,,0.00468,0.39123
1590.9,,0.79636,0.44938
1591.9,,0.03252,0.76698
1592.9,,0.00278,0.51682
1594.0,,0.02507,0.51685
